2017-05-01,25278.4359450133,-121.724428705147,36.6796566069398,1,76.174040744448
2017-05-01,25284.5419297156,-121.724425334782,36.6804332748943,1,76.174040744448
2017-05-01,25332.056573652,-121.724399107782,36.6804004579385,1,76.174040744448
2017-05-01,25364.7033760995,-121.724381087492,36.6789018169558,1,76.174040744448
2017-05-01,25437.432704075,-121.724340942561,36.6788799389853,1,76.174040744448
2017-05-01,25448.445190217,-121.724334863919,36.6796675459251,1,76.174040744448
2017-05-01,25463.0731129906,-121.72432678964,36.6804113969238,1,76.174040744448
2017-05-01,25470.8107968327,-121.724322518615,36.6796456679545,1,76.174040744448
2017-05-01,25471.9605639352,-121.724321883969,36.678869,1,76.174040744448
2017-05-01,25476.5757660758,-121.724319336483,36.6789127559411,1,76.174040744448
2017-05-01,25476.9738877258,-121.724319116729,36.6796347289692,1,76.174040744448
2017-05-01,25494.1258536041,-121.724309649235,36.6788908779705,1,76.174040744448
2017-05-01,25519.3052350324,-121.72429575079,36.6796784849103,1,76.174040744448
2017-05-01,25577.1640321784,-121.724263814053,36.680422335909,1,76.174040744448
2017-05-01,25607.9604276793,-121.724246815145,36.6804442138796,1,76.174040744448
2017-05-01,25608.2307329679,-121.724246665943,36.6796566069398,1,76.174040744448
2017-05-01,25707.7701271282,-121.724191722467,36.6804113969238,1,76.174040744448
2017-05-01,25790.8505360175,-121.724145863975,36.678869,1,76.174040744448
2017-05-01,25807.3522299244,-121.724136755417,36.6789018169558,1,76.174040744448
2017-05-01,25836.994505322,-121.724120393556,36.680422335909,1,76.174040744448
2017-05-01,25838.1022334048,-121.724119782116,36.6788908779705,1,76.174040744448
2017-05-01,25868.9846889461,-121.724102735704,36.6804332748943,1,76.174040744448
2017-05-01,25874.1528851877,-121.724099882978,36.6804004579385,1,76.174040744448
2017-05-01,25881.1180596199,-121.72409603836,36.6796675459251,1,76.174040744448
2017-05-01,25929.8785410095,-121.724069123686,36.6788799389853,1,76.174040744448
2017-05-01,25954.6578605089,-121.724055446067,36.6789127559411,1,76.174040744448
2017-05-01,25966.6332316816,-121.724048835935,36.6796784849103,1,76.174040744448
2017-05-01,25977.6949432159,-121.724042730123,36.6796456679545,1,76.174040744448
2017-05-01,26020.6606310117,-121.724019014042,36.6804442138796,1,76.174040744448
2017-05-01,26076.6980339784,-121.723988082674,36.6796347289692,1,76.174040744448
2017-05-01,27372.3015098324,-121.724465209847,36.6789236949264,1,76.174040744448
2017-05-01,27375.8262724858,-121.724463264258,36.6789674508675,1,76.174040744448
2017-05-01,27410.0693092135,-121.724444362883,36.6804879698207,1,76.174040744448
2017-05-01,27423.3489320236,-121.724437032834,36.6804551528649,1,76.174040744448
2017-05-01,27446.4052475414,-121.724424306273,36.680498908806,1,76.174040744448
2017-05-01,27491.3805291255,-121.724399480943,36.6796894238956,1,76.174040744448
2017-05-01,27527.8169204228,-121.724379368886,36.6789455728969,1,76.174040744448
2017-05-01,27546.2709776656,-121.724369182667,36.6804770308354,1,76.174040744448
2017-05-01,27601.8559304325,-121.724338501041,36.680498908806,1,76.174040744448
2017-05-01,27602.4384693129,-121.724338179492,36.6797113018662,1,76.174040744448
2017-05-01,27610.8743161621,-121.724333523097,36.6797331798367,1,76.174040744448
2017-05-01,27670.5845907698,-121.724300564387,36.6797003628809,1,76.174040744448
2017-05-01,27692.3628507429,-121.724288543284,36.6797222408514,1,76.174040744448
2017-05-01,27697.5521452366,-121.724285678912,36.6789346339116,1,76.174040744448
2017-05-01,27745.1150206569,-121.724259425289,36.6804660918501,1,76.174040744448
2017-05-01,27770.8701131886,-121.724245209065,36.6804551528649,1,76.174040744448
2017-05-01,27801.3569330225,-121.724228381036,36.6796894238956,1,76.174040744448
2017-05-01,27807.1083793821,-121.724225206369,36.6789674508675,1,76.174040744448
2017-05-01,27824.2825648975,-121.72421572661,36.6804879698207,1,76.174040744448
2017-05-01,27892.514171124,-121.724178064319,36.6789236949264,1,76.174040744448
2017-05-01,27900.6336365362,-121.724173582559,36.6789565118822,1,76.174040744448
2017-05-01,27916.1279682354,-121.724165030041,36.6797113018662,1,76.174040744448
2017-05-01,27920.8374583856,-121.72416243051,36.6789346339116,1,76.174040744448
2017-05-01,27963.455538457,-121.724138906301,36.6797222408514,1,76.174040744448
2017-05-01,28014.7095229304,-121.724110615271,36.6797003628809,1,76.174040744448
2017-05-01,28048.0295817145,-121.724092223358,36.6789455728969,1,76.174040744448
2017-05-01,28073.4403478353,-121.724078197194,36.6804770308354,1,76.174040744448
2017-05-01,28115.5509403455,-121.724054953107,36.6804660918501,1,76.174040744448
2017-05-01,28165.7276377729,-121.724027256714,36.6797331798367,1,76.174040744448
2017-05-01,28420.497308307,-121.723886629665,36.6789565118822,1,76.174040744448
2017-05-01,30128.9401760719,-121.724467065227,36.6797878747631,1,76.174040744448
2017-05-01,30175.3714559083,-121.724441436219,36.678989328838,1,76.174040744448
2017-05-01,30199.1076738558,-121.724428334368,36.6789783898527,1,76.174040744448
2017-05-01,30235.3215761943,-121.724408345119,36.6805207867765,1,76.174040744448
2017-05-01,30239.2179565614,-121.724406194406,36.6790002678233,1,76.174040744448
2017-05-01,30256.4808396706,-121.724396665688,36.6797769357778,1,76.174040744448
2017-05-01,30275.2294433182,-121.724386316886,36.6790112068086,1,76.174040744448
2017-05-01,30298.0303672019,-121.724373731296,36.680542664747,1,76.174040744448
2017-05-01,30349.3973088313,-121.724345377916,36.6805098477912,1,76.174040744448
2017-05-01,30362.064559709,-121.724338385882,36.679744118822,1,76.174040744448
2017-05-01,30369.0631366027,-121.724334522827,36.6797659967925,1,76.174040744448
2017-05-01,30388.7256822894,-121.72432366955,36.6797878747631,1,76.174040744448
2017-05-01,30407.1684592323,-121.724313489558,36.678989328838,1,76.174040744448
2017-05-01,30421.4628858096,-121.72430559936,36.6797550578073,1,76.174040744448
2017-05-01,30490.7644713334,-121.724267346465,36.6805536037323,1,76.174040744448
2017-05-01,30520.1523188368,-121.724251125043,36.6790221457938,1,76.174040744448
2017-05-01,30554.4204352695,-121.724232209824,36.6789783898527,1,76.174040744448
2017-05-01,30569.322871025,-121.72422398402,36.6805317257618,1,76.174040744448
2017-05-01,30599.5600039662,-121.724207293812,36.6797769357778,1,76.174040744448
2017-05-01,30616.0845337057,-121.724198172648,36.6790112068086,1,76.174040744448
2017-05-01,30656.9249161679,-121.724175629688,36.6805207867765,1,76.174040744448
2017-05-01,30689.0901265927,-121.724157875225,36.6797659967925,1,76.174040744448
2017-05-01,30712.4249316368,-121.724144994945,36.6790002678233,1,76.174040744448
2017-05-01,30744.5212497725,-121.724127278509,36.6790221457938,1,76.174040744448
2017-05-01,30756.6302884027,-121.724120594596,36.6797550578073,1,76.174040744448
2017-05-01,30796.6528432591,-121.724098503058,36.6805098477912,1,76.174040744448
2017-05-01,30848.6807552409,-121.724069784837,36.680542664747,1,76.174040744448
2017-05-01,30935.9000361862,-121.724021641782,36.679744118822,1,76.174040744448
2017-05-01,31078.6418556757,-121.723942851552,36.6805536037323,1,76.174040744448
2017-05-01,31177.6118572158,-121.723888222368,36.6805317257618,1,76.174040744448
2017-05-01,32302.7629504473,-121.72445943537,36.6798425696895,1,76.174040744448
2017-05-01,32362.0236325521,-121.724426724825,36.6805973596734,1,76.174040744448
2017-05-01,32381.2927094119,-121.724416088734,36.6790330847791,1,76.174040744448
2017-05-01,32399.6571601246,-121.724405951976,36.6798316307042,1,76.174040744448
2017-05-01,32416.2457212814,-121.724396795468,36.6805645427176,1,76.174040744448
2017-05-01,32420.7480330521,-121.724394310295,36.6805754817029,1,76.174040744448
2017-05-01,32447.8369556763,-121.724379357827,36.6797988137484,1,76.174040744448
2017-05-01,32457.7332900928,-121.724373895276,36.6798425696895,1,76.174040744448
2017-05-01,32481.7335220051,-121.724360647695,36.6790768407202,1,76.174040744448
2017-05-01,32490.5807400751,-121.724355764233,36.6805864206881,1,76.174040744448
2017-05-01,32527.2694148881,-121.724335512921,36.6805973596734,1,76.174040744448
2017-05-01,32543.7947569763,-121.724326391309,36.6798206917189,1,76.174040744448
2017-05-01,32577.2699171661,-121.724307913783,36.6806082986587,1,76.174040744448
2017-05-01,32583.3439572403,-121.724304561052,36.6790659017349,1,76.174040744448
2017-05-01,32595.7358143503,-121.724297721029,36.6790440237644,1,76.174040744448
2017-05-01,32609.4786487766,-121.724290135298,36.6798316307042,1,76.174040744448
2017-05-01,32632.0832141257,-121.724277658093,36.6790549627497,1,76.174040744448
2017-05-01,32642.6812024917,-121.724271808245,36.6805864206881,1,76.174040744448
2017-05-01,32711.7531805886,-121.724233682088,36.6805645427176,2,77.1195221009909
2017-05-01,32727.2956210427,-121.724225103015,36.6805754817029,2,77.1195221009909
2017-05-01,32757.7664860973,-121.724208283793,36.6798097527336,2,77.1195221009909
2017-05-01,32820.8312783816,-121.724173473465,36.6790659017349,2,77.1195221009909
2017-05-01,32851.7003605028,-121.724156434436,36.6790330847791,2,77.1195221009909
2017-05-01,32910.2901202009,-121.724124094224,36.6806082986587,2,77.1195221009909
2017-05-01,32919.608173474,-121.724118950871,36.6790768407202,2,77.1195221009909
2017-05-01,33037.3900729284,-121.724053937948,36.6798097527336,2,77.1195221009909
2017-05-01,33043.2335684153,-121.724050712472,36.6790440237644,2,77.1195221009909
2017-05-01,33058.5451869407,-121.724042260807,36.6797988137484,2,77.1195221009909
2017-05-01,33103.4999998265,-121.724017446776,36.6798206917189,2,77.1195221009909
2017-05-01,33148.2361327097,-121.72399275345,36.6790549627497,2,77.1195221009909
2017-05-01,35951.0582363056,-121.724465896106,36.6798972646158,2,77.1195221009909
2017-05-01,35957.2019163419,-121.724462504934,36.67986444766,2,77.1195221009909
2017-05-01,35961.2561741157,-121.724460267077,36.6798535086747,2,77.1195221009909
2017-05-01,35989.3163942872,-121.724444778475,36.680619237644,2,77.1195221009909
2017-05-01,35991.1317490835,-121.72444377644,36.6790987186908,2,77.1195221009909
2017-05-01,36008.9054379746,-121.724433965769,36.6798863256306,2,77.1195221009909
2017-05-01,36031.3587043659,-121.724421572078,36.6806411156145,2,77.1195221009909
2017-05-01,36034.0338440392,-121.724420095462,36.6806520545998,2,77.1195221009909
2017-05-01,36036.5225989964,-121.724418721726,36.6791205966613,2,77.1195221009909
2017-05-01,36041.7362591661,-121.724415843904,36.6798753866453,2,77.1195221009909
2017-05-01,36138.1648172007,-121.724362617539,36.6798863256306,2,77.1195221009909
2017-05-01,36153.5577035901,-121.724354121017,36.680619237644,2,77.1195221009909
2017-05-01,36200.0865929291,-121.724328438131,36.6806411156145,2,77.1195221009909
2017-05-01,36234.5667252543,-121.724309405884,36.6791315356466,2,77.1195221009909
2017-05-01,36248.0599399377,-121.724301957937,36.6790877797055,2,77.1195221009909
2017-05-01,36261.1731941509,-121.724294719719,36.6806629935851,2,77.1195221009909
2017-05-01,36271.5211651804,-121.724289007875,36.6806520545998,2,77.1195221009909
2017-05-01,36275.8188249583,-121.724286635665,36.679109657676,2,77.1195221009909
2017-05-01,36287.8685696863,-121.724279984481,36.6798972646158,2,77.1195221009909
2017-05-01,36301.4392490648,-121.724272493775,36.67986444766,2,77.1195221009909
2017-05-01,36356.5035429505,-121.72424209954,36.6790987186908,2,77.1195221009909
2017-05-01,36394.3619165282,-121.724221202581,36.6806301766292,2,77.1195221009909
2017-05-01,36402.0016057555,-121.724216985647,36.679109657676,2,77.1195221009909
2017-05-01,36459.9320617311,-121.724185009356,36.6798535086747,2,77.1195221009909
2017-05-01,36538.5962171674,-121.724141588536,36.6798753866453,2,77.1195221009909
2017-05-01,36590.8542503448,-121.724112743293,36.6791205966613,2,77.1195221009909
2017-05-01,36595.0373488635,-121.724110434318,36.6790877797055,2,77.1195221009909
2017-05-01,36686.0771551353,-121.724060182421,36.6806629935851,2,77.1195221009909
2017-05-01,36764.8985862069,-121.724016674788,36.6806301766292,2,77.1195221009909
2017-05-01,36780.2384581637,-121.724008207528,36.6791315356466,2,77.1195221009909
2017-05-01,38176.983721006,-121.724429506741,36.6799191425864,2,77.1195221009909
2017-05-01,38201.836718788,-121.724415788453,36.6807176885114,2,77.1195221009909
2017-05-01,38213.2605174769,-121.724409482777,36.6799082036011,2,77.1195221009909
2017-05-01,38232.9542271302,-121.724398612298,36.6791424746319,2,77.1195221009909
2017-05-01,38237.1802423093,-121.724396279634,36.6791643526024,2,77.1195221009909
2017-05-01,38245.13766422,-121.724391887318,36.6791752915877,2,77.1195221009909
2017-05-01,38247.892064833,-121.724390366952,36.6799410205569,2,77.1195221009909
2017-05-01,38255.0262945251,-121.72438642902,36.6806848715556,2,77.1195221009909
2017-05-01,38257.4614886942,-121.724385084848,36.6799300815717,2,77.1195221009909
2017-05-01,38269.9664725597,-121.724378182382,36.6806958105409,2,77.1195221009909
2017-05-01,38276.9150424816,-121.72437434693,36.6806739325703,2,77.1195221009909
2017-05-01,38282.2302680561,-121.724371413047,36.6799519595422,2,77.1195221009909
2017-05-01,38289.8019532724,-121.724367233649,36.679186230573,2,77.1195221009909
2017-05-01,38336.358725668,-121.724341535372,36.6791534136171,2,77.1195221009909
2017-05-01,38390.9794296021,-121.724311385989,36.6791752915877,2,77.1195221009909
2017-05-01,38431.4523241325,-121.724289045874,36.6807067495262,2,77.1195221009909
2017-05-01,38435.5445419315,-121.724286787063,36.6806739325703,2,77.1195221009909
2017-05-01,38483.1970014713,-121.724260483992,36.6791534136171,2,77.1195221009909
2017-05-01,38490.1667507348,-121.724256636849,36.6799082036011,2,77.1195221009909
2017-05-01,38520.7973021968,-121.724239729483,36.6807176885114,2,77.1195221009909
2017-05-01,38536.58576195,-121.724231014613,36.679186230573,2,77.1195221009909
2017-05-01,38569.8118720274,-121.724212674558,36.6807067495262,2,77.1195221009909
2017-05-01,38578.9515346542,-121.724207629673,36.6791424746319,2,77.1195221009909
2017-05-01,38631.1034303008,-121.724178843015,36.6806848715556,2,77.1195221009909
2017-05-01,38681.0199871828,-121.724151290214,36.6791643526024,2,77.1195221009909
2017-05-01,38688.2001149565,-121.724147326947,36.6799300815717,2,77.1195221009909
2017-05-01,38702.0216697277,-121.724139697764,36.6799191425864,2,77.1195221009909
2017-05-01,38754.6446757556,-121.724110651065,36.6799410205569,2,77.1195221009909
2017-05-01,38776.850618943,-121.72409839389,36.6806958105409,2,77.1195221009909
2017-05-01,38846.5975480225,-121.724059895176,36.6799519595422,2,77.1195221009909
2017-05-01,40881.2021591023,-121.724460296892,36.6792190475288,2,77.1195221009909
2017-05-01,40887.0351521946,-121.724457077212,36.679984776498,2,77.1195221009909
2017-05-01,40896.5620154601,-121.724451818601,36.6792409254993,2,77.1195221009909
2017-05-01,40911.2105254546,-121.724443732958,36.6807286274967,2,77.1195221009909
2017-05-01,40913.7625035106,-121.724442324324,36.680739566482,2,77.1195221009909
2017-05-01,40928.2619400663,-121.724434320965,36.6800066544686,2,77.1195221009909
2017-05-01,40947.0155148049,-121.72442396942,36.6792081085435,2,77.1195221009909
2017-05-01,40960.2771307872,-121.72441664931,36.6799738375128,2,77.1195221009909
2017-05-01,40974.6386947599,-121.724408722054,36.6807723834378,2,77.1195221009909
2017-05-01,41020.6874835697,-121.724383304173,36.6799957154833,2,77.1195221009909
2017-05-01,41035.1398703329,-121.724375326785,36.6807505054673,2,77.1195221009909
2017-05-01,41072.6234528396,-121.724354636702,36.6792299865141,2,77.1195221009909
2017-05-01,41092.2172028277,-121.724343821399,36.6791971695582,2,77.1195221009909
2017-05-01,41115.7338461914,-121.724330840748,36.6792190475288,2,77.1195221009909
2017-05-01,41203.0587717548,-121.72428263938,36.6799957154833,2,77.1195221009909
2017-05-01,41278.3520115106,-121.724241079228,36.6807614444525,2,77.1195221009909
2017-05-01,41284.6753376601,-121.724237588896,36.6792081085435,2,77.1195221009909
2017-05-01,41295.8238738747,-121.724231435158,36.679984776498,2,77.1195221009909
2017-05-01,41330.8714610174,-121.724212089689,36.6799628985275,2,77.1195221009909
2017-05-01,41385.1887451075,-121.724182107787,36.6792299865141,2,77.1195221009909
2017-05-01,41402.2513199509,-121.724172689635,36.6800066544686,2,77.1195221009909
2017-05-01,41456.2950449455,-121.724142858731,36.6792409254993,2,77.1195221009909
2017-05-01,41475.7789465376,-121.724132104061,36.6799738375128,2,77.1195221009909
2017-05-01,41688.4060228138,-121.724014738763,36.6791971695582,2,77.1195221009909
2017-05-01,41901.12168233,-121.723897324569,36.6799628985275,2,77.1195221009909
2017-05-01,44831.2036846553,-121.724465815822,36.6807942614084,2,77.1195221009909
2017-05-01,44837.2435212741,-121.724462481969,36.6800285324391,2,77.1195221009909
2017-05-01,44842.7731534807,-121.724459429739,36.680061349395,2,77.1195221009909
2017-05-01,44858.6222165772,-121.724450681417,36.6800175934539,2,77.1195221009909
2017-05-01,44909.9703277746,-121.72442233843,36.6800394714244,2,77.1195221009909
2017-05-01,44943.2646364327,-121.724403960731,36.6800504104097,2,77.1195221009909
2017-05-01,44957.8706239199,-121.724395898559,36.6792518644846,2,77.1195221009909
2017-05-01,44962.9368312679,-121.724393102128,36.6792846814404,2,77.1195221009909
2017-05-01,44977.6293746466,-121.724384992179,36.6792956204257,2,77.1195221009909
2017-05-01,45045.9212305188,-121.724347296632,36.6792737424552,2,77.1195221009909
2017-05-01,45068.0087372562,-121.724335104832,36.6808270783642,2,77.1195221009909
2017-05-01,45089.0554638999,-121.724323487518,36.6808161393789,3,86.0715417539739
2017-05-01,45101.9183458226,-121.724316387501,36.6807833224231,3,86.0715417539739
2017-05-01,45131.3231594902,-121.724300156714,36.6808052003936,3,86.0715417539739
2017-05-01,45139.1552990728,-121.724295833552,36.6800175934539,3,86.0715417539739
2017-05-01,45149.2345978072,-121.724290270008,36.6792956204257,3,86.0715417539739
2017-05-01,45160.8614799253,-121.724283852235,36.6792518644846,3,86.0715417539739
2017-05-01,45161.6717678452,-121.724283404974,36.6792628034699,3,86.0715417539739
2017-05-01,45190.8786429876,-121.724267283445,36.6800504104097,3,86.0715417539739
2017-05-01,45225.5552855202,-121.724248142729,36.6800285324391,3,86.0715417539739
2017-05-01,45377.5713669759,-121.724164233318,36.680061349395,3,86.0715417539739
2017-05-01,45427.2771862087,-121.724136796839,36.6792628034699,3,86.0715417539739
2017-05-01,45441.2857342615,-121.72412906444,36.6800394714244,3,86.0715417539739
2017-05-01,45445.8901144408,-121.724126522927,36.6792737424552,3,86.0715417539739
2017-05-01,45564.5125440269,-121.72406104605,36.6792846814404,3,86.0715417539739
2017-05-01,47582.4418965089,-121.724470652129,36.6800832273655,3,86.0715417539739
2017-05-01,47651.2533535584,-121.724432669773,36.679306559411,3,86.0715417539739
2017-05-01,47655.2404165326,-121.724430469006,36.6808708343053,3,86.0715417539739
2017-05-01,47665.0446591147,-121.724425057287,36.6808817732906,3,86.0715417539739
2017-05-01,47669.4246332987,-121.724422639641,36.6801160443213,3,86.0715417539739
2017-05-01,47672.5771042889,-121.724420899549,36.6793393763668,3,86.0715417539739
2017-05-01,47707.4660700921,-121.724401641636,36.6800722883802,3,86.0715417539739
2017-05-01,47755.6394005409,-121.724375051055,36.6808380173495,3,86.0715417539739
2017-05-01,47806.6346565529,-121.724346902837,36.6800941663508,3,86.0715417539739
2017-05-01,47821.5364948816,-121.724338677362,36.68085989532,3,86.0715417539739
2017-05-01,47835.2334016875,-121.724331116982,36.6793503153521,3,86.0715417539739
2017-05-01,47837.3701246691,-121.724329937559,36.6801051053361,3,86.0715417539739
2017-05-01,47894.768057668,-121.724298255209,36.6808489563347,3,86.0715417539739
2017-05-01,47903.3814442591,-121.724293500816,36.6793393763668,3,86.0715417539739
2017-05-01,47914.2705983459,-121.724287490251,36.6800722883802,3,86.0715417539739
2017-05-01,47934.3921278997,-121.724276383625,36.6793174983963,3,86.0715417539739
2017-05-01,47966.1531082949,-121.724258852288,36.6793503153521,3,86.0715417539739
2017-05-01,47972.8856764708,-121.724255136064,36.6793284373815,3,86.0715417539739
2017-05-01,47995.1297621851,-121.724242857836,36.6801160443213,3,86.0715417539739
2017-05-01,48048.9065608525,-121.724213174269,36.6800941663508,3,86.0715417539739
2017-05-01,48071.5240606475,-121.724200689925,36.6793174983963,3,86.0715417539739
2017-05-01,48081.232463468,-121.724195331108,36.6800832273655,3,86.0715417539739
2017-05-01,48138.977598416,-121.72416345711,36.679306559411,3,86.0715417539739
2017-05-01,48150.9396615884,-121.724156854324,36.6801051053361,3,86.0715417539739
2017-05-01,48315.3605362458,-121.72406609775,36.6793284373815,3,86.0715417539739
2017-05-01,49752.3064859673,-121.7244652071,36.6801379222919,3,86.0715417539739
2017-05-01,49753.7028314105,-121.724464436349,36.6793831323079,3,86.0715417539739
2017-05-01,49798.8209129558,-121.724439532197,36.6808927122758,3,86.0715417539739
2017-05-01,49833.7180821642,-121.724420269755,36.6801598002624,3,86.0715417539739
2017-05-01,49843.5784630553,-121.72441482705,36.6793612543374,3,86.0715417539739
2017-05-01,49878.6064077233,-121.724395492423,36.6801488612772,3,86.0715417539739
2017-05-01,49879.143097393,-121.724395196183,36.6801269833066,3,86.0715417539739
2017-05-01,49882.8457762058,-121.724393152388,36.6801707392477,3,86.0715417539739
2017-05-01,49886.1484330165,-121.724391329397,36.6794050102785,3,86.0715417539739
2017-05-01,49922.3937494667,-121.724371322809,36.6793940712932,3,86.0715417539739
2017-05-01,49939.8896922044,-121.724361665447,36.6809145902464,3,86.0715417539739
2017-05-01,50009.1590780363,-121.724323430326,36.6809364682169,3,86.0715417539739
2017-05-01,50024.8951169777,-121.724314744391,36.6793831323079,3,86.0715417539739
2017-05-01,50055.3030441823,-121.724297959908,36.6793940712932,3,86.0715417539739
2017-05-01,50063.6559789176,-121.724293349279,36.6801269833066,3,86.0715417539739
2017-05-01,50070.6786707771,-121.724289472913,36.6809255292317,3,86.0715417539739
2017-05-01,50091.2142399955,-121.724278137747,36.6794050102785,3,86.0715417539739
2017-05-01,50121.2861277506,-121.724261538751,36.6801488612772,3,86.0715417539739
2017-05-01,50139.6859475638,-121.72425138247,36.6793721933226,3,86.0715417539739
2017-05-01,50165.6123976162,-121.72423707166,36.6801379222919,3,86.0715417539739
2017-05-01,50186.5472170102,-121.724225516117,36.6801707392477,3,86.0715417539739
2017-05-01,50190.9369084962,-121.724223093108,36.6809036512611,3,86.0715417539739
2017-05-01,50247.770259185,-121.724191722394,36.6793612543374,3,86.0715417539739
2017-05-01,50271.0799004737,-121.724178856003,36.6801598002624,3,86.0715417539739
2017-05-01,50324.025275873,-121.724149631363,36.6793721933226,3,86.0715417539739
2017-05-01,53408.1806524214,-121.724467484466,36.679426888249,3,86.0715417539739
2017-05-01,53417.6895289228,-121.724462235783,36.6794378272343,3,86.0715417539739
2017-05-01,53477.7534309837,-121.724429081879,36.6802035562035,3,86.0715417539739
2017-05-01,53501.6087533114,-121.724415914285,36.6802254341741,3,86.0715417539739
2017-05-01,53531.791335608,-121.724399254188,36.6794159492637,3,86.0715417539739
2017-05-01,53548.0943174615,-121.724390255313,36.6809474072022,3,86.0715417539739
2017-05-01,53550.1665978535,-121.724389111462,36.6801926172183,3,86.0715417539739
2017-05-01,53567.2867307161,-121.724379661539,36.680980224158,3,86.0715417539739
2017-05-01,53606.1379489747,-121.724358216552,36.6794597052048,3,86.0715417539739
2017-05-01,53611.445969534,-121.724355286646,36.6809692851728,3,86.0715417539739
2017-05-01,53655.4189396679,-121.724331014569,36.6802035562035,3,86.0715417539739
2017-05-01,53662.4839228071,-121.724327114859,36.6802254341741,3,86.0715417539739
2017-05-01,53685.8621225719,-121.724314210626,36.6809583461875,3,86.0715417539739
2017-05-01,53734.0833301582,-121.724287593619,36.6809911631433,3,86.0715417539739
2017-05-01,53746.0663623794,-121.724280979258,36.6794159492637,3,86.0715417539739
2017-05-01,53748.427673487,-121.724279675868,36.6794487662196,3,86.0715417539739
2017-05-01,53767.8275529536,-121.724268967577,36.6794378272343,3,86.0715417539739
2017-05-01,53768.3351315923,-121.724268687405,36.680181678233,3,86.0715417539739
2017-05-01,53768.9859143691,-121.724268328188,36.6802144951888,3,86.0715417539739
2017-05-01,53890.1582872557,-121.724201443801,36.6794597052048,3,86.0715417539739
2017-05-01,53962.4309931128,-121.724161550915,36.6794487662196,3,86.0715417539739
2017-05-01,53970.3994042774,-121.724157152534,36.679426888249,3,86.0715417539739
2017-05-01,54041.6272409416,-121.724117836392,36.6801926172183,3,86.0715417539739
2017-05-01,54334.4693171191,-121.723956194243,36.6802144951888,3,86.0715417539739
2017-05-01,54379.2314531962,-121.723931486564,36.680181678233,3,86.0715417539739
2017-05-01,55606.8538571774,-121.724446137739,36.6810021021286,3,86.0715417539739
2017-05-01,55614.6592313054,-121.724441829351,36.6794706441901,3,86.0715417539739
2017-05-01,55642.0541858018,-121.72442670796,36.6802582511299,3,86.0715417539739
2017-05-01,55648.2361896898,-121.724423295635,36.6794815831754,3,86.0715417539739
2017-05-01,55648.4907276208,-121.724423155136,36.6810130411139,3,86.0715417539739
2017-05-01,55658.5586006387,-121.7244175979,36.6802801291005,3,86.0715417539739
2017-05-01,55696.7963713815,-121.724396491522,36.6810458580697,3,86.0715417539739
2017-05-01,55700.1914584946,-121.724394617511,36.6802473121446,3,86.0715417539739
2017-05-01,55722.8842181262,-121.724382091625,36.6810239800991,3,86.0715417539739
2017-05-01,55769.2058406034,-121.724356523146,36.6802363731594,3,86.0715417539739
2017-05-01,55779.0860009923,-121.724351069523,36.6794815831754,3,86.0715417539739
2017-05-01,55889.7410271076,-121.724289990471,36.6795144001312,3,86.0715417539739
2017-05-01,55900.961323988,-121.724283797123,36.6802691901152,3,86.0715417539739
2017-05-01,55908.5129736627,-121.724279628785,36.6802363731594,3,86.0715417539739
2017-05-01,55915.1851907892,-121.724275945873,36.6794925221607,3,86.0715417539739
2017-05-01,55928.4922880959,-121.724268600658,36.6794706441901,3,86.0715417539739
2017-05-01,55942.1259497093,-121.724261075188,36.6810349190844,3,86.0715417539739
2017-05-01,55942.9150887048,-121.724260639601,36.6802801291005,3,86.0715417539739
2017-05-01,55979.6939068432,-121.724240338532,36.6795034611459,3,86.0715417539739
2017-05-01,55994.9674503428,-121.724231907885,36.6802473121446,4,91.9330577160641
2017-05-01,55998.5846587717,-121.724229911268,36.6802582511299,4,91.9330577160641
2017-05-01,56073.1124152525,-121.724188773646,36.6795144001312,4,91.9330577160641
2017-05-01,56083.5695083162,-121.724183001569,36.6794925221607,4,91.9330577160641
2017-05-01,56254.3228023478,-121.724088749643,36.6795034611459,4,91.9330577160641
2017-05-01,56382.5326412022,-121.724017980736,36.6802691901152,4,91.9330577160641
2017-05-01,58331.5020927834,-121.724465651107,36.681056797055,4,91.9330577160641
2017-05-01,58403.0743339125,-121.724426144862,36.680302007071,4,91.9330577160641
2017-05-01,58442.5262949254,-121.724404368279,36.6795581560723,4,91.9330577160641
2017-05-01,58480.4402011603,-121.724383440667,36.6810677360402,4,91.9330577160641
2017-05-01,58502.9859086452,-121.72437099595,36.6803238850416,4,91.9330577160641
2017-05-01,58535.5007794204,-121.724353048483,36.6810786750255,4,91.9330577160641
2017-05-01,58556.0628609097,-121.724341698683,36.679547217087,4,91.9330577160641
2017-05-01,58557.3419214106,-121.724340992671,36.6802910680857,4,91.9330577160641
2017-05-01,58563.9620160625,-121.724337338529,36.6795362781018,4,91.9330577160641
2017-05-01,58564.4173576179,-121.724337087191,36.6795690950576,4,91.9330577160641
2017-05-01,58569.7197322894,-121.724334160401,36.6795581560723,4,91.9330577160641
2017-05-01,58618.984023918,-121.724306967636,36.6803348240268,4,91.9330577160641
2017-05-01,58662.2905013828,-121.724283063447,36.6795253391165,4,91.9330577160641
2017-05-01,58673.8531021113,-121.724276681155,36.6803129460563,4,91.9330577160641
2017-05-01,58686.6013006367,-121.72426964444,36.6802910680857,4,91.9330577160641
2017-05-01,58708.7518482262,-121.724257417843,36.6811005529961,4,91.9330577160641
2017-05-01,58725.2923067936,-121.724248287887,36.680302007071,4,91.9330577160641
2017-05-01,58741.7405969806,-121.724239208806,36.6810896140108,4,91.9330577160641
2017-05-01,58781.3159520331,-121.724217364112,36.6795690950576,4,91.9330577160641
2017-05-01,58792.4651071831,-121.724211210033,36.6803348240268,4,91.9330577160641
2017-05-01,58796.278080447,-121.724209105359,36.679547217087,4,91.9330577160641
2017-05-01,58806.4028583435,-121.724203516712,36.6795253391165,4,91.9330577160641
2017-05-01,58960.3934795291,-121.7241185174,36.6803238850416,4,91.9330577160641
2017-05-01,59173.1125850046,-121.724001101304,36.6795362781018,4,91.9330577160641
2017-05-01,59268.1121885,-121.723948663689,36.6803129460563,4,91.9330577160641
2017-05-01,60480.3593782161,-121.724471801631,36.6796019120134,4,91.9330577160641
2017-05-01,60503.4935130321,-121.724459032116,36.679623789984,4,91.9330577160641
2017-05-01,60515.4124186376,-121.724452453152,36.6803785799679,4,91.9330577160641
2017-05-01,60544.9447170258,-121.724436151997,36.6795800340429,4,91.9330577160641
2017-05-01,60548.6168561475,-121.72443412506,36.6811114919813,4,91.9330577160641
2017-05-01,60556.7229872088,-121.72442965066,36.6811552479224,4,91.9330577160641
2017-05-01,60589.9263453988,-121.724411323164,36.6795909730281,4,91.9330577160641
2017-05-01,60600.3887751254,-121.724405548141,36.6803457630121,4,91.9330577160641
2017-05-01,60606.7946872634,-121.724402012224,36.6803567019974,4,91.9330577160641
2017-05-01,60631.5288727126,-121.724388359517,36.6796019120134,4,91.9330577160641
2017-05-01,60652.4295675839,-121.72437682281,36.6803676409827,4,91.9330577160641
2017-05-01,60692.3264582744,-121.724354800636,36.6803895189532,4,91.9330577160641
2017-05-01,60709.132100319,-121.724345524305,36.679623789984,4,91.9330577160641
2017-05-01,60764.5720872329,-121.724314922696,36.6795800340429,4,91.9330577160641
2017-05-01,60779.2902914461,-121.724306798583,36.6811224309666,4,91.9330577160641
2017-05-01,60784.6902451528,-121.724303817932,36.6803457630121,4,91.9330577160641
2017-05-01,60795.5851964741,-121.724297804167,36.6811333699519,4,91.9330577160641
2017-05-01,60827.4620167621,-121.724280208889,36.6803895189532,4,91.9330577160641
2017-05-01,60844.2820084046,-121.724270924637,36.6803567019974,4,91.9330577160641
2017-05-01,60863.4179693438,-121.724260362023,36.6811443089372,4,91.9330577160641
2017-05-01,60901.9117947718,-121.724239114309,36.6795909730281,4,91.9330577160641
2017-05-01,60948.580075195,-121.724213354482,36.6803676409827,4,91.9330577160641
2017-05-01,61027.5760423635,-121.724169750509,36.6803785799679,4,91.9330577160641
2017-05-01,61042.5704317586,-121.724161473948,36.6796128509987,4,91.9330577160641
2017-05-01,61502.2811333193,-121.723907724122,36.6796128509987,4,91.9330577160641
2017-05-02,25766.8363476,-121.72415911926,36.6796566069398,1,91.2213833081784
2017-05-02,25959.452692341,-121.724052799429,36.6789018169558,1,91.2213833081784
2017-05-02,25993.1903536797,-121.724034177009,36.678869,1,91.2213833081784
2017-05-02,26004.1096389968,-121.724028149813,36.6788908779705,1,91.2213833081784
2017-05-02,26071.4882857737,-121.723990958336,36.6804332748943,1,91.2213833081784
2017-05-02,26120.9617601938,-121.723963650106,36.6796784849103,1,91.2213833081784
2017-05-02,26160.3962635738,-121.723941883159,36.6804004579385,1,91.2213833081784
2017-05-02,26184.6483180265,-121.723928496578,36.6804113969238,1,91.2213833081784
2017-05-02,26191.2715204784,-121.723924840721,36.6796675459251,1,91.2213833081784
2017-05-02,26274.8890489906,-121.723878685752,36.6796566069398,1,91.2213833081784
2017-05-02,26279.0155627278,-121.723876408011,36.6796784849103,1,91.2213833081784
2017-05-02,26296.8917944841,-121.723866540738,36.678869,1,91.2213833081784
2017-05-02,26310.7678761586,-121.723858881458,36.6789127559411,1,91.2213833081784
2017-05-02,26314.7864846158,-121.723856663277,36.6804442138796,1,91.2213833081784
2017-05-02,26327.3764511114,-121.723849713903,36.6788799389853,1,91.2213833081784
2017-05-02,26372.8485415896,-121.723824614346,36.6796347289692,1,91.2213833081784
2017-05-02,26386.7321510032,-121.72381695091,36.6788908779705,1,91.2213833081784
2017-05-02,26411.3844038893,-121.723803343428,36.6796675459251,1,91.2213833081784
2017-05-02,26424.190611834,-121.723796274693,36.6789018169558,1,91.2213833081784
2017-05-02,26446.3207576228,-121.723784059358,36.680422335909,1,91.2213833081784
2017-05-02,26509.1934769694,-121.72374935505,36.6788799389853,1,91.2213833081784
2017-05-02,26572.0373187371,-121.723714666682,36.6796456679545,1,91.2213833081784
2017-05-02,26676.3804511955,-121.723657071652,36.6796347289692,1,91.2213833081784
2017-05-02,26727.3929687077,-121.723628913905,36.6789127559411,1,91.2213833081784
2017-05-02,27007.3161169391,-121.72347440271,36.6796456679545,1,91.2213833081784
2017-05-02,27897.3608048708,-121.724175389087,36.680498908806,1,91.2213833081784
2017-05-02,28041.979989916,-121.724095562595,36.6804551528649,1,91.2213833081784
2017-05-02,28108.2897442213,-121.724058961122,36.6796894238956,1,91.2213833081784
2017-05-02,28117.776363827,-121.724053724724,36.6789346339116,1,91.2213833081784
2017-05-02,28187.2378449627,-121.72401538357,36.6797113018662,1,91.2213833081784
2017-05-02,28192.0176950661,-121.724012745202,36.6797222408514,1,91.2213833081784
2017-05-02,28211.2040398866,-121.724002154777,36.6789236949264,1,91.2213833081784
2017-05-02,28293.8521028315,-121.723956534931,36.6796894238956,1,91.2213833081784
2017-05-02,28300.4033384562,-121.723952918798,36.6804660918501,1,91.2213833081784
2017-05-02,28329.4820740174,-121.723936867999,36.6797003628809,1,91.2213833081784
2017-05-02,28335.7124265483,-121.723933428986,36.6804879698207,1,91.2213833081784
2017-05-02,28350.773333085,-121.723925115709,36.6789346339116,1,91.2213833081784
2017-05-02,28381.9135329846,-121.723907927029,36.6789674508675,1,91.2213833081784
2017-05-02,28411.4397288604,-121.723891629242,36.6789236949264,1,91.2213833081784
2017-05-02,28459.8068653214,-121.723864931686,36.6797331798367,1,91.2213833081784
2017-05-02,28511.0018069409,-121.723836673245,36.6789455728969,1,91.2213833081784
2017-05-02,28520.7683444846,-121.723831282339,36.6804770308354,1,91.2213833081784
2017-05-02,28554.0986391997,-121.723812884776,36.6797222408514,1,91.2213833081784
2017-05-02,28566.7502089441,-121.723805901398,36.6797113018662,1,91.2213833081784
2017-05-02,28637.9070621536,-121.723766624438,36.6789674508675,1,91.2213833081784
2017-05-02,28807.7663992855,-121.723672865956,36.6797003628809,1,91.2213833081784
2017-05-02,28810.4110067986,-121.723671406193,36.6789455728969,1,91.2213833081784
2017-05-02,28872.0808461224,-121.723637365848,36.6789565118822,1,91.2213833081784
2017-05-02,29010.8602783047,-121.723560762766,36.6797331798367,1,91.2213833081784
2017-05-02,30724.859248328,-121.724138131486,36.678989328838,1,91.2213833081784
2017-05-02,30840.0307542267,-121.72407455944,36.6790002678233,1,91.2213833081784
2017-05-02,30868.9231887949,-121.724058611475,36.6797878747631,1,91.2213833081784
2017-05-02,30918.70919625,-121.724031130734,36.6789783898527,1,91.2213833081784
2017-05-02,30920.7101040043,-121.724030026279,36.6805207867765,1,91.2213833081784
2017-05-02,30934.7744024682,-121.724022263106,36.6790112068086,1,91.2213833081784
2017-05-02,30992.4319414973,-121.723990437459,36.6790221457938,1,91.2213833081784
2017-05-02,31030.3977747697,-121.723969481185,36.6797878747631,1,91.2213833081784
2017-05-02,31065.676935533,-121.723950007893,36.6805098477912,1,91.2213833081784
2017-05-02,31069.9791023298,-121.723947633195,36.679744118822,1,91.2213833081784
2017-05-02,31118.1244001957,-121.723921058088,36.6797550578073,1,91.2213833081784
2017-05-02,31134.4290411545,-121.723912058298,36.6797769357778,1,91.2213833081784
2017-05-02,31197.6163269019,-121.723877180357,36.6790002678233,1,91.2213833081784
2017-05-02,31205.2583759488,-121.72387296212,36.6797659967925,1,91.2213833081784
2017-05-02,31230.6168285965,-121.723858964832,36.6790112068086,1,91.2213833081784
2017-05-02,31305.4057879989,-121.723817683032,36.6789783898527,1,91.2213833081784
2017-05-02,31320.4296647411,-121.723809390195,36.678989328838,1,91.2213833081784
2017-05-02,31328.0061572187,-121.723805208143,36.680542664747,1,91.2213833081784
2017-05-02,31369.3921912631,-121.723782363996,36.6797550578073,1,91.2213833081784
2017-05-02,31513.3700790173,-121.723702891485,36.6805317257618,1,91.2213833081784
2017-05-02,31520.3844651875,-121.723699019704,36.679744118822,1,91.2213833081784
2017-05-02,31586.691027886,-121.723662419993,36.6790221457938,1,91.2213833081784
2017-05-02,31634.8822184723,-121.723635819554,36.6805536037323,1,91.2213833081784
2017-05-02,31683.2166046604,-121.723609140075,36.6797769357778,1,91.2213833081784
2017-05-02,31802.2151130429,-121.723543455612,36.6797659967925,1,91.2213833081784
2017-05-02,32839.6601319354,-121.724163080367,36.6798425696895,1,91.2213833081784
2017-05-02,32870.3896985854,-121.724146118347,36.6805754817029,1,91.2213833081784
2017-05-02,32942.0904023495,-121.724106541193,36.6805864206881,1,91.2213833081784
2017-05-02,32977.9201005423,-121.724086764017,36.6798316307042,1,91.2213833081784
2017-05-02,33045.9259954401,-121.724049226313,36.6805645427176,1,91.2213833081784
2017-05-02,33089.2151305291,-121.724025331698,36.6805973596734,1,91.2213833081784
2017-05-02,33271.1598465824,-121.723924902363,36.6806082986587,1,91.2213833081784
2017-05-02,33300.0591946495,-121.723908950582,36.6790440237644,1,91.2213833081784
2017-05-02,33375.5862842242,-121.72386726135,36.6790659017349,1,91.2213833081784
2017-05-02,33385.7185454916,-121.723861668573,36.6790330847791,1,91.2213833081784
2017-05-02,33436.6254423745,-121.723833569127,36.6798425696895,1,91.2213833081784
2017-05-02,33438.8659499468,-121.723832332417,36.6798316307042,1,91.2213833081784
2017-05-02,33440.7276333027,-121.723831304811,36.6790768407202,1,91.2213833081784
2017-05-02,33480.4582994763,-121.723809374389,36.6798206917189,1,91.2213833081784
2017-05-02,33481.604267484,-121.723808741841,36.6798097527336,1,91.2213833081784
2017-05-02,33569.643569023,-121.723760146153,36.6790440237644,1,91.2213833081784
2017-05-02,33570.8722083858,-121.723759467972,36.6797988137484,1,91.2213833081784
2017-05-02,33647.7042580353,-121.723717058433,36.6790659017349,1,91.2213833081784
2017-05-02,33670.3290998118,-121.723704570036,36.6790549627497,1,91.2213833081784
2017-05-02,33689.3612631571,-121.723694064716,36.6798206917189,1,91.2213833081784
2017-05-02,33715.2653855694,-121.723679766231,36.6790330847791,1,91.2213833081784
2017-05-02,33734.2482203739,-121.723669288139,36.6798097527336,1,91.2213833081784
2017-05-02,33763.3635861788,-121.723653217121,36.6797988137484,1,91.2213833081784
2017-05-02,33868.5575559767,-121.723595152448,36.6790768407202,1,91.2213833081784
2017-05-02,33916.6115552671,-121.723568627736,36.6790549627497,1,91.2213833081784
2017-05-02,36335.3747294482,-121.724253762164,36.680619237644,1,91.2213833081784
2017-05-02,36338.4868039741,-121.72425204437,36.6806411156145,1,91.2213833081784
2017-05-02,36409.3654422138,-121.724212920977,36.6806520545998,1,91.2213833081784
2017-05-02,36459.6383434273,-121.724185171482,36.67986444766,1,91.2213833081784
2017-05-02,36615.8866981689,-121.724098925953,36.6798972646158,1,91.2213833081784
2017-05-02,36701.5863851878,-121.724051621679,36.6798863256306,1,91.2213833081784
2017-05-02,36717.9976547435,-121.724042563033,36.6790987186908,1,91.2213833081784
2017-05-02,36749.4837497947,-121.724025183426,36.6791205966613,1,91.2213833081784
2017-05-02,36836.2149942146,-121.723977309757,36.6798535086747,1,91.2213833081784
2017-05-02,36839.0143409632,-121.723975764581,36.6798753866453,2,80.0875927853244
2017-05-02,36844.1309576693,-121.723972940325,36.6806629935851,2,80.0875927853244
2017-05-02,36863.9592013935,-121.723961995587,36.6790877797055,2,80.0875927853244
2017-05-02,36895.5536541137,-121.723944556169,36.6798972646158,2,80.0875927853244
2017-05-02,36979.1820739238,-121.723898395188,36.67986444766,2,80.0875927853244
2017-05-02,36993.923131979,-121.72389025846,36.679109657676,2,80.0875927853244
2017-05-02,37012.4569147835,-121.723880028235,36.6798535086747,2,80.0875927853244
2017-05-02,37055.2578322972,-121.723856403104,36.6790987186908,2,80.0875927853244
2017-05-02,37074.4613143477,-121.72384580322,36.6790877797055,2,80.0875927853244
2017-05-02,37096.453940408,-121.723833663792,36.6798863256306,2,80.0875927853244
2017-05-02,37122.2131768603,-121.72381944528,36.679109657676,2,80.0875927853244
2017-05-02,37241.9295867292,-121.723753364552,36.6791205966613,2,80.0875927853244
2017-05-02,37277.0622099329,-121.723733972145,36.6806301766292,2,80.0875927853244
2017-05-02,37295.558338186,-121.723723762704,36.6791315356466,2,80.0875927853244
2017-05-02,37445.8766091061,-121.723640790445,36.6798753866453,2,80.0875927853244
2017-05-02,37754.7186103587,-121.723470316702,36.6791315356466,2,80.0875927853244
2017-05-02,38759.3961792261,-121.724108028343,36.679186230573,2,80.0875927853244
2017-05-02,38760.5145759352,-121.724107411014,36.6791424746319,2,80.0875927853244
2017-05-02,38772.1571795221,-121.724100984562,36.6791534136171,2,80.0875927853244
2017-05-02,38818.3051052487,-121.724075511959,36.6791752915877,2,80.0875927853244
2017-05-02,38838.9759019187,-121.724064102151,36.6799191425864,2,80.0875927853244
2017-05-02,38854.4461289479,-121.724055562938,36.6806848715556,2,80.0875927853244
2017-05-02,38917.4193849899,-121.724020803136,36.6807067495262,2,80.0875927853244
2017-05-02,38982.9262512409,-121.72398464484,36.6799082036011,2,80.0875927853244
2017-05-02,39000.5295110038,-121.723974928242,36.6799300815717,2,80.0875927853244
2017-05-02,39018.1050688369,-121.723965226935,36.6799410205569,2,80.0875927853244
2017-05-02,39035.34714481,-121.723955709702,36.6799191425864,2,80.0875927853244
2017-05-02,39040.9650638705,-121.723952608738,36.6791752915877,2,80.0875927853244
2017-05-02,39046.3602080687,-121.723949630742,36.6806739325703,2,80.0875927853244
2017-05-02,39058.1224998875,-121.723943138225,36.6799519595422,2,80.0875927853244
2017-05-02,39060.5323511642,-121.723941808042,36.6791643526024,2,80.0875927853244
2017-05-02,39074.5173045159,-121.723934088667,36.6807176885114,2,80.0875927853244
2017-05-02,39108.2542161621,-121.723915466661,36.679186230573,2,80.0875927853244
2017-05-02,39161.0403658126,-121.723886329909,36.6799082036011,2,80.0875927853244
2017-05-02,39203.1076315133,-121.723863109738,36.6799519595422,2,80.0875927853244
2017-05-02,39208.5410583724,-121.72386011061,36.6806958105409,2,80.0875927853244
2017-05-02,39253.511204264,-121.723835288115,36.6791424746319,2,80.0875927853244
2017-05-02,39331.2685913935,-121.72379236781,36.6791534136171,2,80.0875927853244
2017-05-02,39332.8466814117,-121.72379149674,36.6791643526024,2,80.0875927853244
2017-05-02,39429.0135703918,-121.72373841481,36.6799300815717,2,80.0875927853244
2017-05-02,39623.1065104696,-121.723631279933,36.6799410205569,2,80.0875927853244
2017-05-02,41043.0218827367,-121.724370976094,36.680739566482,2,80.0875927853244
2017-05-02,41122.1771177531,-121.724327284209,36.6807723834378,2,80.0875927853244
2017-05-02,41173.1870275137,-121.724299127901,36.680739566482,2,80.0875927853244
2017-05-02,41333.2215737713,-121.724210792481,36.6807723834378,2,80.0875927853244
2017-05-02,41380.9375417559,-121.724184454354,36.6792190475288,2,80.0875927853244
2017-05-02,41428.8534742333,-121.724158005852,36.679984776498,2,80.0875927853244
2017-05-02,41473.7999852209,-121.724133196403,36.6792081085435,2,80.0875927853244
2017-05-02,41480.512418827,-121.724129491292,36.6807286274967,2,80.0875927853244
2017-05-02,41532.527662106,-121.724100780064,36.6807505054673,2,80.0875927853244
2017-05-02,41552.2191412792,-121.724089910816,36.6807614444525,2,80.0875927853244
2017-05-02,41581.6821153289,-121.724073647926,36.6792299865141,2,80.0875927853244
2017-05-02,41666.5268311811,-121.724026815578,36.6792081085435,2,80.0875927853244
2017-05-02,41720.1057280233,-121.723997241248,36.6799957154833,2,80.0875927853244
2017-05-02,41730.091220843,-121.723991729484,36.6807614444525,2,80.0875927853244
2017-05-02,41731.9607382815,-121.723990697553,36.6792299865141,2,80.0875927853244
2017-05-02,41761.3088115972,-121.723974498086,36.679984776498,2,80.0875927853244
2017-05-02,41788.3442388055,-121.723959575146,36.6799738375128,2,80.0875927853244
2017-05-02,41799.9254505901,-121.723953182581,36.6792190475288,2,80.0875927853244
2017-05-02,41807.9106370425,-121.72394877494,36.6800066544686,2,80.0875927853244
2017-05-02,41809.5279245289,-121.723947882235,36.6792409254993,2,80.0875927853244
2017-05-02,41942.1777023131,-121.723874662582,36.6799957154833,2,80.0875927853244
2017-05-02,41948.7263802084,-121.723871047861,36.6792409254993,2,80.0875927853244
2017-05-02,42006.6218742531,-121.723839090868,36.6807286274967,2,80.0875927853244
2017-05-02,42112.6231192157,-121.723780580598,36.6807505054673,2,80.0875927853244
2017-05-02,42150.2284187602,-121.72375982333,36.6791971695582,2,80.0875927853244
2017-05-02,42208.7578850297,-121.723727516399,36.6799738375128,2,80.0875927853244
2017-05-02,42221.3788510447,-121.723720549913,36.6799628985275,2,80.0875927853244
2017-05-02,42313.6302344773,-121.723669629253,36.6800066544686,2,80.0875927853244
2017-05-02,42552.9851315585,-121.723537510807,36.6791971695582,2,80.0875927853244
2017-05-02,44956.4474550061,-121.724396684116,36.6807942614084,2,80.0875927853244
2017-05-02,45266.5084446972,-121.724225537519,36.6800175934539,2,80.0875927853244
2017-05-02,45332.1097936445,-121.72418932707,36.6792956204257,2,80.0875927853244
2017-05-02,45334.7752090749,-121.724187855821,36.6808161393789,2,80.0875927853244
2017-05-02,45381.3514159904,-121.724162146817,36.6807942614084,2,80.0875927853244
2017-05-02,45431.8724556941,-121.724134260355,36.6807833224231,2,80.0875927853244
2017-05-02,45431.9103110565,-121.72413423946,36.6800285324391,2,80.0875927853244
2017-05-02,45465.986150671,-121.724115430373,36.6808052003936,2,80.0875927853244
2017-05-02,45517.4266906564,-121.724087036368,36.6792518644846,2,80.0875927853244
2017-05-02,45540.0254396874,-121.724074562374,36.6808270783642,2,80.0875927853244
2017-05-02,45590.6718544083,-121.724046606707,36.6792737424552,2,80.0875927853244
2017-05-02,45642.5826007983,-121.724017953159,36.6792956204257,2,80.0875927853244
2017-05-02,45642.7506299052,-121.724017860411,36.6808052003936,2,80.0875927853244
2017-05-02,45666.1416053512,-121.724004949126,36.6800394714244,2,80.0875927853244
2017-05-02,45693.1604281826,-121.723990035351,36.6792846814404,2,80.0875927853244
2017-05-02,45698.3050159897,-121.723987195656,36.6807833224231,2,80.0875927853244
2017-05-02,45700.2245528231,-121.723986136116,36.6808161393789,2,80.0875927853244
2017-05-02,45722.1940494746,-121.723974009454,36.6800504104097,2,80.0875927853244
2017-05-02,45750.6590883204,-121.723958297402,36.6808270783642,2,80.0875927853244
2017-05-02,45812.7444909999,-121.723924027675,36.680061349395,2,80.0875927853244
2017-05-02,45819.7487715821,-121.723920161472,36.6800175934539,2,80.0875927853244
2017-05-02,45863.4710951423,-121.723896027746,36.6792628034699,2,80.0875927853244
2017-05-02,45908.9738332405,-121.723870911272,36.6792518644846,2,80.0875927853244
2017-05-02,45921.9888194129,-121.723863727297,36.6800285324391,2,80.0875927853244
2017-05-02,45922.9090813288,-121.723863219333,36.6800394714244,2,80.0875927853244
2017-05-02,46016.372849255,-121.723811629464,36.6792846814404,2,80.0875927853244
2017-05-02,46034.678027326,-121.723801525423,36.6800504104097,2,80.0875927853244
2017-05-02,46170.767311518,-121.723726407241,36.6792737424552,2,80.0875927853244
2017-05-02,46227.4135516521,-121.723695139808,36.680061349395,2,80.0875927853244
2017-05-02,46468.5774529288,-121.723562022833,36.6792628034699,2,80.0875927853244
2017-05-02,47946.2515625351,-121.724269837488,36.6808380173495,2,80.0875927853244
2017-05-02,48134.9832772053,-121.724165661884,36.6808489563347,2,80.0875927853244
2017-05-02,48154.3825856556,-121.724154953908,36.6808817732906,2,80.0875927853244
2017-05-02,48163.5767654866,-121.724149878931,36.68085989532,2,80.0875927853244
2017-05-02,48164.1014820681,-121.724149589299,36.6800722883802,2,80.0875927853244
2017-05-02,48176.8758314341,-121.72414253815,36.6808708343053,2,80.0875927853244
2017-05-02,48195.2207261583,-121.724132412186,36.6808380173495,2,80.0875927853244
2017-05-02,48223.9293743931,-121.724116565667,36.6801160443213,2,80.0875927853244
2017-05-02,48255.9345242325,-121.724098899554,36.6793503153521,3,77.0696799391722
2017-05-02,48278.17701648,-121.724086622205,36.6793174983963,3,77.0696799391722
2017-05-02,48315.2709765646,-121.724066147185,36.6800722883802,3,77.0696799391722
2017-05-02,48325.4361903214,-121.724060536219,36.6793393763668,3,77.0696799391722
2017-05-02,48373.900848059,-121.724033784833,36.6808489563347,3,77.0696799391722
2017-05-02,48384.0313258319,-121.72402819304,36.6801051053361,3,77.0696799391722
2017-05-02,48394.6499007769,-121.724022331829,36.6800832273655,3,77.0696799391722
2017-05-02,48402.8650135942,-121.724017797274,36.68085989532,3,77.0696799391722
2017-05-02,48406.822710611,-121.724015612715,36.6801160443213,3,77.0696799391722
2017-05-02,48439.7895267324,-121.723997415784,36.6793503153521,3,77.0696799391722
2017-05-02,48483.8506924271,-121.723973095025,36.6793393763668,3,77.0696799391722
2017-05-02,48511.8520082621,-121.723957638937,36.679306559411,3,77.0696799391722
2017-05-02,48548.6899184305,-121.723937305251,36.6800941663508,3,77.0696799391722
2017-05-02,48576.133504431,-121.723922157017,36.6793174983963,3,77.0696799391722
2017-05-02,48613.5751069536,-121.723901490106,36.6808708343053,3,77.0696799391722
2017-05-02,48728.2139409552,-121.723838212084,36.6793284373815,3,77.0696799391722
2017-05-02,48757.2085447451,-121.723822207723,36.6808817732906,3,77.0696799391722
2017-05-02,48873.7504203812,-121.723757879265,36.6800941663508,3,77.0696799391722
2017-05-02,48901.1839565327,-121.723742736579,36.6800832273655,3,77.0696799391722
2017-05-02,48946.1210211011,-121.723717932344,36.6793284373815,3,77.0696799391722
2017-05-02,48976.3644310256,-121.723701238671,36.6801051053361,3,77.0696799391722
2017-05-02,48985.5568812525,-121.723696164648,36.679306559411,3,77.0696799391722
2017-05-02,50112.4357330587,-121.724266423967,36.6809145902464,3,77.0696799391722
2017-05-02,50181.4174899752,-121.72422834761,36.6793831323079,3,77.0696799391722
2017-05-02,50221.0367683878,-121.724206478671,36.6794050102785,3,77.0696799391722
2017-05-02,50249.6010628192,-121.724190711832,36.6801269833066,3,77.0696799391722
2017-05-02,50307.1134948294,-121.724158966281,36.6793831323079,3,77.0696799391722
2017-05-02,50321.6008707076,-121.72415096958,36.6808927122758,3,77.0696799391722
2017-05-02,50355.7573663732,-121.724132115973,36.6794050102785,3,77.0696799391722
2017-05-02,50360.1463467756,-121.724129693356,36.6801707392477,3,77.0696799391722
2017-05-02,50387.675313044,-121.724114497994,36.6809364682169,3,77.0696799391722
2017-05-02,50411.2550502674,-121.724101482517,36.6801379222919,3,77.0696799391722
2017-05-02,50462.7048365319,-121.724073083408,36.6809255292317,3,77.0696799391722
2017-05-02,50468.9465531587,-121.724069638122,36.6801488612772,3,77.0696799391722
2017-05-02,50487.5188969049,-121.724059386612,36.6809145902464,3,77.0696799391722
2017-05-02,50491.2431657955,-121.724057330901,36.6809036512611,3,77.0696799391722
2017-05-02,50537.066516539,-121.724032037456,36.6801598002624,3,77.0696799391722
2017-05-02,50537.2613901707,-121.72403192989,36.6793940712932,3,77.0696799391722
2017-05-02,50605.6363011454,-121.723994188498,36.6808927122758,3,77.0696799391722
2017-05-02,50608.2584145608,-121.723992741151,36.6801379222919,3,77.0696799391722
2017-05-02,50616.8123421093,-121.723988019578,36.6809255292317,3,77.0696799391722
2017-05-02,50742.1866904586,-121.723918815796,36.6801269833066,3,77.0696799391722
2017-05-02,50749.4796356543,-121.723914790257,36.6801488612772,3,77.0696799391722
2017-05-02,50779.1078903651,-121.723898436136,36.6793612543374,3,77.0696799391722
2017-05-02,50801.3312041538,-121.723886169373,36.6793721933226,3,77.0696799391722
2017-05-02,50897.3408865574,-121.723833174218,36.6809364682169,3,77.0696799391722
2017-05-02,50907.6785563822,-121.72382746806,36.6793940712932,3,77.0696799391722
2017-05-02,50917.2866562743,-121.723822164608,36.6801707392477,3,77.0696799391722
2017-05-02,50974.4283348485,-121.723790623704,36.6801598002624,3,77.0696799391722
2017-05-02,51043.9227823449,-121.723752264353,36.6809036512611,3,77.0696799391722
2017-05-02,51069.9422935966,-121.723737902176,36.6793612543374,3,77.0696799391722
2017-05-02,51125.6553228999,-121.723707149854,36.6793721933226,3,77.0696799391722
2017-05-02,53693.8283103198,-121.724309813472,36.6809474072022,3,77.0696799391722
2017-05-02,53800.7469628329,-121.724250796813,36.680980224158,3,77.0696799391722
2017-05-02,53892.994934151,-121.724199878036,36.6794159492637,3,77.0696799391722
2017-05-02,53946.6644107772,-121.724170253709,36.680980224158,3,77.0696799391722
2017-05-02,53956.5002506806,-121.72416482455,36.6809583461875,3,77.0696799391722
2017-05-02,54043.1364089634,-121.724117003366,36.6809692851728,3,77.0696799391722
2017-05-02,54061.3031078351,-121.724106975762,36.6809911631433,3,77.0696799391722
2017-05-02,54110.89042013,-121.724079604696,36.6794487662196,3,77.0696799391722
2017-05-02,54113.3267618472,-121.724078259891,36.679426888249,3,77.0696799391722
2017-05-02,54182.6800760827,-121.724039978443,36.6809474072022,3,77.0696799391722
2017-05-02,54204.0047968175,-121.724028207683,36.6802035562035,3,77.0696799391722
2017-05-02,54206.5455846867,-121.724026805226,36.6802254341741,3,77.0696799391722
2017-05-02,54234.1654192315,-121.724011559707,36.6794159492637,3,77.0696799391722
2017-05-02,54261.0521878287,-121.723996718824,36.6809583461875,3,77.0696799391722
2017-05-02,54269.7586604096,-121.72399191305,36.6809911631433,3,77.0696799391722
2017-05-02,54272.2413001245,-121.723990542689,36.6794378272343,3,77.0696799391722
2017-05-02,54284.306960969,-121.723983882719,36.6801926172183,3,77.0696799391722
2017-05-02,54328.9433345168,-121.723959244459,36.6794597052048,3,77.0696799391722
2017-05-02,54403.1610067319,-121.723918277996,36.6794378272343,3,77.0696799391722
2017-05-02,54407.315014632,-121.723915985078,36.679426888249,3,77.0696799391722
2017-05-02,54469.3962306781,-121.723881717663,36.6802144951888,3,77.0696799391722
2017-05-02,54530.6524595558,-121.723847905621,36.6801926172183,3,77.0696799391722
2017-05-02,54541.7631514782,-121.723841772772,36.6794487662196,3,77.0696799391722
2017-05-02,54546.5411393268,-121.723839135432,36.6794597052048,3,77.0696799391722
2017-05-02,54551.046667756,-121.723836648483,36.6809692851728,3,77.0696799391722
2017-05-02,54591.4384821038,-121.723814353122,36.6802254341741,3,77.0696799391722
2017-05-02,54694.0833051739,-121.72375769552,36.6802035562035,3,77.0696799391722
2017-05-02,54780.7177483148,-121.723709875283,36.680181678233,3,77.0696799391722
2017-05-02,54921.5484999736,-121.723632139919,36.680181678233,3,77.0696799391722
2017-05-02,54941.0037223056,-121.72362140108,36.6802144951888,3,77.0696799391722
2017-05-02,55824.4021939714,-121.724326056017,36.6810458580697,3,77.0696799391722
2017-05-02,55872.4592755408,-121.724299529604,36.6810021021286,3,77.0696799391722
2017-05-02,55907.733885148,-121.724280058824,36.6794815831754,3,77.0696799391722
2017-05-02,55955.4808213952,-121.724253703603,36.6810130411139,3,77.0696799391722
2017-05-02,55961.3835232239,-121.724250445447,36.6810239800991,3,77.0696799391722
2017-05-02,56005.8909409384,-121.724225878367,36.6810458580697,3,77.0696799391722
2017-05-02,56152.0193548045,-121.724145218814,36.6794815831754,3,77.0696799391722
2017-05-02,56165.9619632072,-121.724137522812,36.6810130411139,3,77.0696799391722
2017-05-02,56191.9063557842,-121.724123202099,36.6802473121446,3,77.0696799391722
2017-05-02,56273.3615480129,-121.72407824069,36.6794706441901,3,77.0696799391722
2017-05-02,56342.8194168362,-121.72403990153,36.6810349190844,3,77.0696799391722
2017-05-02,56357.3012815546,-121.724031907871,36.6795144001312,3,77.0696799391722
2017-05-02,56369.9794474903,-121.724024909812,36.6810239800991,3,77.0696799391722
2017-05-02,56400.6797870556,-121.724007963925,36.6802582511299,3,77.0696799391722
2017-05-02,56402.6480759361,-121.724006877474,36.6802473121446,3,77.0696799391722
2017-05-02,56415.0164660953,-121.724000050405,36.6802363731594,3,77.0696799391722
2017-05-02,56431.6507928113,-121.723990868636,36.6810021021286,3,77.0696799391722
2017-05-02,56448.9526530783,-121.723981318403,36.6794925221607,3,77.0696799391722
2017-05-02,56467.9811268099,-121.72397081512,36.6802801291005,3,77.0696799391722
2017-05-02,56525.5150879149,-121.723939057685,36.6795034611459,3,77.0696799391722
2017-05-02,56538.8833972526,-121.723931678683,36.6810349190844,3,77.0696799391722
2017-05-02,56540.982877365,-121.723930519818,36.6795144001312,3,77.0696799391722
2017-05-02,56598.0480099332,-121.723899021166,36.6794706441901,3,77.0696799391722
2017-05-02,56603.6029577775,-121.723895954961,36.6802582511299,3,77.0696799391722
2017-05-02,56652.8682335393,-121.723868761652,36.6795034611459,3,77.0696799391722
2017-05-02,56745.3982293499,-121.723817687204,36.6802363731594,3,77.0696799391722
2017-05-02,56809.182393663,-121.7237824798,36.6794925221607,4,74.930381357062
2017-05-02,56876.5550205438,-121.723745291646,36.6802691901152,4,74.930381357062
2017-05-02,58895.6440180029,-121.724154257627,36.681056797055,4,74.930381357062
2017-05-02,58925.2581852401,-121.724137911281,36.6811005529961,4,74.930381357062
2017-05-02,58927.8930689267,-121.724136456886,36.6810896140108,4,74.930381357062
2017-05-02,59023.4994377459,-121.72408368435,36.6795253391165,4,74.930381357062
2017-05-02,59035.3220696843,-121.724077158527,36.681056797055,4,74.930381357062
2017-05-02,59042.9689869496,-121.724072937603,36.6810677360402,4,74.930381357062
2017-05-02,59062.0664579077,-121.724062396234,36.6795581560723,4,74.930381357062
2017-05-02,59064.5481701208,-121.724061026386,36.6810786750255,4,74.930381357062
2017-05-02,59065.7387712064,-121.724060369201,36.6795690950576,4,74.930381357062
2017-05-02,59076.3923932967,-121.724054488644,36.6810896140108,4,74.930381357062
2017-05-02,59102.8256684376,-121.724039898079,36.679547217087,4,74.930381357062
2017-05-02,59171.2590318309,-121.724002124423,36.6810677360402,4,74.930381357062
2017-05-02,59186.0148561261,-121.723993979544,36.680302007071,4,74.930381357062
2017-05-02,59227.5905226405,-121.723971030724,36.6810786750255,4,74.930381357062
2017-05-02,59239.0395409318,-121.723964711127,36.6795253391165,4,74.930381357062
2017-05-02,59244.4764817657,-121.72396171006,36.6803348240268,4,74.930381357062
2017-05-02,59293.9514164719,-121.723934401024,36.6802910680857,4,74.930381357062
2017-05-02,59305.8195933328,-121.723927850061,36.679547217087,4,74.930381357062
2017-05-02,59333.5326465033,-121.723912553087,36.6811005529961,4,74.930381357062
2017-05-02,59415.6422184549,-121.723867230476,36.6803238850416,4,74.930381357062
2017-05-02,59492.5429521456,-121.723824783024,36.6795690950576,4,74.930381357062
2017-05-02,59511.255332432,-121.723814454217,36.6795581560723,4,74.930381357062
2017-05-02,59671.9207503171,-121.723725770569,36.6795362781018,4,74.930381357062
2017-05-02,59860.9250227424,-121.72362144452,36.6803129460563,4,74.930381357062
2017-05-02,60833.0396753207,-121.724277130148,36.6811114919813,4,74.930381357062
2017-05-02,60933.5345034299,-121.724221659295,36.6803457630121,4,74.930381357062
2017-05-02,60978.7345196177,-121.724196709916,36.6803567019974,4,74.930381357062
2017-05-02,60991.9479630125,-121.724189416397,36.6796019120134,4,74.930381357062
2017-05-02,61000.3877630473,-121.724184757819,36.6803895189532,4,74.930381357062
2017-05-02,61021.0304012894,-121.724173363554,36.6811552479224,4,74.930381357062
2017-05-02,61103.3669295915,-121.724127915667,36.6811333699519,4,74.930381357062
2017-05-02,61121.4089990423,-121.724117956856,36.6811443089372,4,74.930381357062
2017-05-02,61152.8884345954,-121.724100580926,36.6795909730281,4,74.930381357062
2017-05-02,61156.9182033422,-121.724098356585,36.6795800340429,4,74.930381357062
2017-05-02,61161.2198803066,-121.724095982158,36.6796019120134,4,74.930381357062
2017-05-02,61185.6431893828,-121.724082501048,36.6811224309666,4,74.930381357062
2017-05-02,61209.7581143957,-121.724069190159,36.6811552479224,4,74.930381357062
2017-05-02,61226.5895648339,-121.724059899582,36.6811114919813,4,74.930381357062
2017-05-02,61236.3014704887,-121.724054538832,36.679623789984,4,74.930381357062
2017-05-02,61297.0418931445,-121.724021011503,36.6795800340429,4,74.930381357062
2017-05-02,61348.0749368764,-121.723992842427,36.6811224309666,4,74.930381357062
2017-05-02,61483.5920098301,-121.723918040092,36.6811333699519,4,74.930381357062
2017-05-02,61518.8302965077,-121.723898589361,36.6803676409827,4,74.930381357062
2017-05-02,61552.7567353469,-121.723879862741,36.6803785799679,4,74.930381357062
2017-05-02,61688.7989298528,-121.723804770551,36.6811443089372,4,74.930381357062
2017-05-02,61714.0288967698,-121.723790844184,36.679623789984,4,74.930381357062
2017-05-02,61745.7012688378,-121.723773361757,36.6795909730281,4,74.930381357062
2017-05-02,61825.4935543917,-121.723729318235,36.6796128509987,4,74.930381357062
2017-05-02,62128.651667718,-121.723561981868,36.6796128509987,4,74.930381357062
2017-05-03,26465.3884866705,-121.723773534406,36.6804113969238,1,88.7534398206633
2017-05-03,26526.477409407,-121.723739814713,36.6796566069398,1,88.7534398206633
2017-05-03,26561.9930551998,-121.723720210887,36.6789018169558,1,88.7534398206633
2017-05-03,26628.3647364855,-121.723683575232,36.6796675459251,1,88.7534398206633
2017-05-03,26634.017071563,-121.723680455272,36.6804332748943,1,88.7534398206633
2017-05-03,26665.941585083,-121.723662833668,36.6804004579385,1,88.7534398206633
2017-05-03,26680.4444893323,-121.723654828396,36.6796784849103,1,88.7534398206633
2017-05-03,26725.5027977533,-121.723629957237,36.6804113969238,1,88.7534398206633
2017-05-03,26741.7475990348,-121.723620990477,36.6796566069398,1,88.7534398206633
2017-05-03,26756.5770560131,-121.723612804955,36.678869,1,88.7534398206633
2017-05-03,26859.2288754368,-121.723556143491,36.6804113969238,1,88.7534398206633
2017-05-03,26866.1909341815,-121.723552300593,36.6804442138796,1,88.7534398206633
2017-05-03,26888.2034779589,-121.723540150171,36.6804332748943,1,88.7534398206633
2017-05-03,26890.8777332104,-121.723538674043,36.6796784849103,1,88.7534398206633
2017-05-03,26938.1496335382,-121.723512581032,36.6796566069398,1,88.7534398206633
2017-05-03,26940.1656390318,-121.723511468243,36.6796347289692,1,88.7534398206633
2017-05-03,26959.7747436356,-121.723500644464,36.680422335909,1,88.7534398206633
2017-05-03,26976.5638848751,-121.723491377241,36.6788908779705,1,88.7534398206633
2017-05-03,26985.7958576216,-121.723486281402,36.6804004579385,1,88.7534398206633
2017-05-03,27002.2508336699,-121.723477198631,36.6789018169558,1,88.7534398206633
2017-05-03,27012.6038592578,-121.723471483997,36.6788799389853,1,88.7534398206633
2017-05-03,27018.3851929354,-121.723468292832,36.6796675459251,1,88.7534398206633
2017-05-03,27029.6049873012,-121.723462099761,36.6804113969238,1,88.7534398206633
2017-05-03,27035.8628648362,-121.723458645556,36.6796784849103,1,88.7534398206633
2017-05-03,28218.7252658764,-121.723998003232,36.6804551528649,1,88.7534398206633
2017-05-03,28326.1942257801,-121.723938682816,36.680498908806,1,88.7534398206633
2017-05-03,28507.8554224573,-121.723838409978,36.6796894238956,1,88.7534398206633
2017-05-03,28624.6313522466,-121.723773952327,36.680498908806,1,88.7534398206633
2017-05-03,28706.2397983575,-121.723728906325,36.6797113018662,1,88.7534398206633
2017-05-03,28706.4480398203,-121.723728791381,36.6789236949264,1,88.7534398206633
2017-05-03,28709.0491119315,-121.723727355648,36.6796894238956,1,88.7534398206633
2017-05-03,28779.1003789249,-121.723688688946,36.6789346339116,1,88.7534398206633
2017-05-03,28783.74108422,-121.723686127382,36.680498908806,1,88.7534398206633
2017-05-03,28784.2086686264,-121.723685869286,36.6804551528649,1,88.7534398206633
2017-05-03,28798.5142698599,-121.723677972921,36.6804879698207,1,88.7534398206633
2017-05-03,28833.6162681535,-121.723658597418,36.6804660918501,1,88.7534398206633
2017-05-03,28907.0753506358,-121.723618049679,36.6789674508675,1,88.7534398206633
2017-05-03,28922.3113735738,-121.723609639742,36.680498908806,1,88.7534398206633
2017-05-03,28927.4597177504,-121.723606797973,36.6789346339116,1,88.7534398206633
2017-05-03,28932.3180846876,-121.723604116266,36.6804551528649,1,88.7534398206633
2017-05-03,28935.6491736336,-121.72360227758,36.6789236949264,1,88.7534398206633
2017-05-03,28935.8938974701,-121.723602142499,36.6804770308354,1,88.7534398206633
2017-05-03,28994.8554926622,-121.723569597042,36.6796894238956,1,88.7534398206633
2017-05-03,28997.7259240052,-121.72356801263,36.6797222408514,1,88.7534398206633
2017-05-03,29078.6805737964,-121.723523327509,36.6789674508675,1,88.7534398206633
2017-05-03,29102.6214907454,-121.723510112668,36.6804551528649,1,88.7534398206633
2017-05-03,29106.8143711465,-121.723507798294,36.680498908806,1,88.7534398206633
2017-05-03,29119.3037330699,-121.723500904451,36.6804770308354,1,88.7534398206633
2017-05-03,29120.7441801124,-121.723500109357,36.6797003628809,1,88.7534398206633
2017-05-03,29123.8252249734,-121.723498408691,36.6804660918501,1,88.7534398206633
2017-05-03,29136.997137189,-121.723491138095,36.6797113018662,1,88.7534398206633
2017-05-03,31267.226233039,-121.723838757276,36.6805098477912,1,88.7534398206633
2017-05-03,31454.7435031676,-121.723735252018,36.6790002678233,1,88.7534398206633
2017-05-03,31508.9137819816,-121.723705351259,36.6805207867765,1,88.7534398206633
2017-05-03,31524.2757362487,-121.723696871811,36.6797878747631,1,88.7534398206633
2017-05-03,31528.5016053601,-121.723694539227,36.680542664747,1,88.7534398206633
2017-05-03,31664.8618327677,-121.723619271491,36.6805098477912,1,88.7534398206633
2017-05-03,31671.2498401814,-121.723615745456,36.6790002678233,1,88.7534398206633
2017-05-03,31688.2209128917,-121.723606377811,36.6805317257618,1,88.7534398206633
2017-05-03,31739.1564591035,-121.723578262551,36.678989328838,1,88.7534398206633
2017-05-03,31752.7150227722,-121.723570778533,36.6790221457938,1,88.7534398206633
2017-05-03,31766.3516374035,-121.723563251432,36.6789783898527,1,88.7534398206633
2017-05-03,31817.1672881257,-121.723535202352,36.6790002678233,1,88.7534398206633
2017-05-03,31841.5131502004,-121.723521763991,36.6790112068086,1,88.7534398206633
2017-05-03,31858.730117804,-121.723512260617,36.6797550578073,1,88.7534398206633
2017-05-03,31864.3198641755,-121.723509175205,36.6805536037323,1,88.7534398206633
2017-05-03,31901.4231162749,-121.723488695056,36.679744118822,1,88.7534398206633
2017-05-03,31931.4437627167,-121.723472124343,36.6797659967925,1,88.7534398206633
2017-05-03,33004.3384931137,-121.724072181667,36.6805754817029,1,88.7534398206633
2017-05-03,33307.5397460977,-121.723904821488,36.6805864206881,1,88.7534398206633
2017-05-03,33379.0119242947,-121.723865370475,36.6805754817029,1,88.7534398206633
2017-05-03,33470.0447819267,-121.723815122413,36.6806082986587,1,88.7534398206633
2017-05-03,33483.5961394511,-121.723807642373,36.6805864206881,1,88.7534398206633
2017-05-03,33511.5303666625,-121.723792223316,36.6805973596734,1,88.7534398206633
2017-05-03,33603.859789575,-121.72374125958,36.6805645427176,1,88.7534398206633
2017-05-03,33614.0201913869,-121.72373565127,36.6798316307042,1,88.7534398206633
2017-05-03,33715.8973130491,-121.723679417421,36.6798425696895,1,88.7534398206633
2017-05-03,33793.4999911461,-121.723636582512,36.6805973596734,1,88.7534398206633
2017-05-03,33793.6518484572,-121.72363649869,36.6805645427176,1,88.7534398206633
2017-05-03,33821.4756615208,-121.72362114058,36.6805754817029,1,88.7534398206633
2017-05-03,33832.309325157,-121.723615160645,36.6805864206881,1,88.7534398206633
2017-05-03,33854.5087862891,-121.723602907048,36.6790659017349,1,88.7534398206633
2017-05-03,33869.7963106905,-121.723594468683,36.6790440237644,1,88.7534398206633
2017-05-03,33972.1110187122,-121.723537993297,36.6805645427176,1,88.7534398206633
2017-05-03,33996.1832460785,-121.723524705977,36.6790768407202,1,88.7534398206633
2017-05-03,33999.7812690863,-121.72352271995,36.6805754817029,1,88.7534398206633
2017-05-03,34061.3385174643,-121.723488741752,36.6806082986587,1,88.7534398206633
2017-05-03,34090.3142200203,-121.723472747825,36.6790549627497,1,88.7534398206633
2017-05-03,34097.8878975758,-121.723468567328,36.6790330847791,1,88.7534398206633
2017-05-03,36566.470415272,-121.724126202614,36.6806411156145,1,88.7534398206633
2017-05-03,36670.1855208064,-121.724068954241,36.680619237644,1,88.7534398206633
2017-05-03,36909.832315212,-121.723936674674,36.680619237644,1,88.7534398206633
2017-05-03,36986.1242524923,-121.723894563264,36.6806520545998,1,88.7534398206633
2017-05-03,36999.1432846749,-121.723887377055,36.6806411156145,1,88.7534398206633
2017-05-03,37113.5803512962,-121.723824210403,36.6806629935851,1,88.7534398206633
2017-05-03,37132.1092164461,-121.723813982892,36.6806520545998,1,88.7534398206633
2017-05-03,37213.9402271908,-121.72376881404,36.6790877797055,1,88.7534398206633
2017-05-03,37222.8990302083,-121.723763868985,36.6790987186908,1,88.7534398206633
2017-05-03,37227.3736470154,-121.723761399099,36.6798863256306,1,88.7534398206633
2017-05-03,37285.1101804051,-121.723729529849,36.6798972646158,1,88.7534398206633
2017-05-03,37321.258989146,-121.72370957653,36.680619237644,1,88.7534398206633
2017-05-03,37354.4926235315,-121.723691232322,36.67986444766,1,88.7534398206633
2017-05-03,37373.3266411649,-121.723680836373,36.6798535086747,1,88.7534398206633
2017-05-03,37409.2569687252,-121.723661003652,36.6791205966613,1,88.7534398206633
2017-05-03,37414.4368695611,-121.723658144465,36.6798863256306,1,88.7534398206633
2017-05-03,37438.3350223531,-121.723644953229,36.6806411156145,1,88.7534398206633
2017-05-03,37450.2571340952,-121.723638372495,36.680619237644,1,88.7534398206633
2017-05-03,37531.598100807,-121.723593474136,36.6790987186908,1,88.7534398206633
2017-05-03,37532.9328412133,-121.72359273739,36.6806629935851,2,98.0971065215511
2017-05-03,37550.6331865419,-121.723582967203,36.67986444766,2,98.0971065215511
2017-05-03,37568.7767491812,-121.72357295237,36.6791205966613,2,98.0971065215511
2017-05-03,37574.5798774751,-121.723569749176,36.6806520545998,2,98.0971065215511
2017-05-03,37584.4796716857,-121.723564284715,36.679109657676,2,98.0971065215511
2017-05-03,37605.5540643963,-121.723552652131,36.6798753866453,2,98.0971065215511
2017-05-03,37714.0566446495,-121.72349276118,36.6806301766292,2,98.0971065215511
2017-05-03,37721.4361996294,-121.723488687834,36.67986444766,2,98.0971065215511
2017-05-03,37757.4550733123,-121.723468806237,36.6806520545998,2,98.0971065215511
2017-05-03,37764.7852848046,-121.723464760127,36.6798972646158,2,98.0971065215511
2017-05-03,37771.9224355184,-121.723460820583,36.6790877797055,2,98.0971065215511
2017-05-03,39272.8191984497,-121.723824630542,36.6791752915877,2,98.0971065215511
2017-05-03,39296.909866174,-121.723811333043,36.6806848715556,2,98.0971065215511
2017-05-03,39330.3224909928,-121.723792890036,36.6807176885114,2,98.0971065215511
2017-05-03,39331.6326406739,-121.723792166863,36.6807067495262,2,98.0971065215511
2017-05-03,39386.8226145937,-121.723761703256,36.6799191425864,2,98.0971065215511
2017-05-03,39428.9827200751,-121.723738431839,36.6806739325703,2,98.0971065215511
2017-05-03,39436.952347228,-121.723734032786,36.6799082036011,2,98.0971065215511
2017-05-03,39463.0865977848,-121.723719607276,36.679186230573,2,98.0971065215511
2017-05-03,39524.369819534,-121.723685780335,36.6799191425864,2,98.0971065215511
2017-05-03,39534.6234979433,-121.723680120538,36.6807067495262,2,98.0971065215511
2017-05-03,39535.7517577608,-121.723679497764,36.6806848715556,2,98.0971065215511
2017-05-03,39643.4890789679,-121.72362002922,36.6806958105409,2,98.0971065215511
2017-05-03,39666.4491365417,-121.723607355791,36.6807176885114,2,98.0971065215511
2017-05-03,39688.8477618644,-121.723594992261,36.6791752915877,2,98.0971065215511
2017-05-03,39696.3126510086,-121.723590871812,36.6806739325703,2,98.0971065215511
2017-05-03,39697.6776972074,-121.723590118338,36.6799191425864,2,98.0971065215511
2017-05-03,39715.3848187328,-121.72358034441,36.6799519595422,2,98.0971065215511
2017-05-03,39769.0239584139,-121.723550736828,36.6799410205569,2,98.0971065215511
2017-05-03,39773.6042256106,-121.723548208625,36.6806958105409,2,98.0971065215511
2017-05-03,39788.819022811,-121.723539810404,36.6791424746319,2,98.0971065215511
2017-05-03,39808.5154284808,-121.723528938437,36.6791534136171,2,98.0971065215511
2017-05-03,39831.0573481155,-121.723516495811,36.6807067495262,2,98.0971065215511
2017-05-03,39832.8679712306,-121.723515496389,36.6799191425864,2,98.0971065215511
2017-05-03,39849.8936376802,-121.723506098609,36.6791643526024,2,98.0971065215511
2017-05-03,39877.2960696141,-121.723490973091,36.6806848715556,2,98.0971065215511
2017-05-03,39908.5598388555,-121.723473716204,36.6799082036011,2,98.0971065215511
2017-05-03,41444.5492959744,-121.724149342116,36.680739566482,2,98.0971065215511
2017-05-03,41830.6093655444,-121.72393624576,36.6807723834378,2,98.0971065215511
2017-05-03,41836.8954120837,-121.723932776005,36.680739566482,2,98.0971065215511
2017-05-03,41967.0048557311,-121.723860958559,36.6792081085435,2,98.0971065215511
2017-05-03,41988.0816843523,-121.72384932463,36.6807614444525,2,98.0971065215511
2017-05-03,42064.8757523204,-121.723806936056,36.6807723834378,2,98.0971065215511
2017-05-03,42076.952092661,-121.723800270191,36.6792299865141,2,98.0971065215511
2017-05-03,42246.7296394612,-121.723706556856,36.6799957154833,2,98.0971065215511
2017-05-03,42267.1164727471,-121.723695303789,36.6807723834378,2,98.0971065215511
2017-05-03,42269.3103153174,-121.723694092838,36.680739566482,2,98.0971065215511
2017-05-03,42276.3695073258,-121.723690196325,36.679984776498,2,98.0971065215511
2017-05-03,42278.4462613134,-121.723689050004,36.6792081085435,2,98.0971065215511
2017-05-03,42307.7204755289,-121.723672891305,36.6792409254993,2,98.0971065215511
2017-05-03,42324.5376793737,-121.723663608592,36.6807505054673,2,98.0971065215511
2017-05-03,42343.2413254455,-121.723653284606,36.6792190475288,2,98.0971065215511
2017-05-03,42398.1832184228,-121.723622957934,36.6807614444525,2,98.0971065215511
2017-05-03,42399.1243718226,-121.723622438438,36.6792299865141,2,98.0971065215511
2017-05-03,42404.2484054948,-121.723619610089,36.6807723834378,2,98.0971065215511
2017-05-03,42426.3788490282,-121.723607394588,36.6807286274967,2,98.0971065215511
2017-05-03,42447.8349362101,-121.723595551317,36.6799738375128,2,98.0971065215511
2017-05-03,42463.0647393662,-121.723587144813,36.679984776498,2,98.0971065215511
2017-05-03,42524.3681421734,-121.723553306733,36.6792299865141,2,98.0971065215511
2017-05-03,42527.5615161143,-121.723551544063,36.680739566482,2,98.0971065215511
2017-05-03,42532.8755376436,-121.723548610844,36.6792081085435,2,98.0971065215511
2017-05-03,42539.8078690015,-121.723544784355,36.6807505054673,2,98.0971065215511
2017-05-03,45549.1820297503,-121.724069508145,36.6807942614084,2,98.0971065215511
2017-05-03,45823.8145574829,-121.723917917251,36.6807833224231,2,98.0971065215511
2017-05-03,45859.59629517,-121.723898166548,36.6792956204257,2,98.0971065215511
2017-05-03,45945.7407687308,-121.723850616762,36.6807942614084,2,98.0971065215511
2017-05-03,46056.2435401489,-121.723789621752,36.6808052003936,2,98.0971065215511
2017-05-03,46062.8916086632,-121.72378595217,36.6807833224231,2,98.0971065215511
2017-05-03,46088.6326408907,-121.723771743707,36.6800175934539,2,98.0971065215511
2017-05-03,46166.2685255801,-121.723728890468,36.6800285324391,2,98.0971065215511
2017-05-03,46188.6206110858,-121.723716552627,36.6808161393789,2,98.0971065215511
2017-05-03,46191.0447556804,-121.723715214554,36.6808052003936,2,98.0971065215511
2017-05-03,46223.4705549131,-121.723697316252,36.6807942614084,2,98.0971065215511
2017-05-03,46283.1388219135,-121.723664380729,36.6800394714244,2,98.0971065215511
2017-05-03,46295.3725698406,-121.72365762798,36.6792737424552,2,98.0971065215511
2017-05-03,46328.4003226293,-121.723639397413,36.6808270783642,2,98.0971065215511
2017-05-03,46345.0640376492,-121.723630199422,36.6792846814404,2,98.0971065215511
2017-05-03,46371.590679262,-121.723615557321,36.6807833224231,2,98.0971065215511
2017-05-03,46415.1193660641,-121.723591530478,36.6800394714244,2,98.0971065215511
2017-05-03,46422.2620547491,-121.723587587877,36.6800285324391,2,98.0971065215511
2017-05-03,46461.6534497898,-121.723565844725,36.6792518644846,2,98.0971065215511
2017-05-03,46470.4119613072,-121.723561010226,36.6792956204257,2,98.0971065215511
2017-05-03,46557.6917286749,-121.723512833785,36.6808270783642,2,98.0971065215511
2017-05-03,46558.6508689343,-121.723512304361,36.6807942614084,2,98.0971065215511
2017-05-03,46582.071821074,-121.723499376529,36.6807833224231,2,98.0971065215511
2017-05-03,46585.492598892,-121.723497488338,36.6800175934539,2,98.0971065215511
2017-05-03,46595.8881625464,-121.723491750224,36.6792737424552,2,98.0971065215511
2017-05-03,46599.9273664384,-121.723489520676,36.6800504104097,2,98.0971065215511
2017-05-03,46634.6720404859,-121.723470342408,36.6808052003936,2,98.0971065215511
2017-05-03,48438.6116494523,-121.723998065946,36.6808380173495,2,98.0971065215511
2017-05-03,48562.2616123093,-121.723929813985,36.6808380173495,2,98.0971065215511
2017-05-03,48578.6899775836,-121.723920745902,36.6800722883802,2,98.0971065215511
2017-05-03,48641.5200646721,-121.723886065127,36.6793503153521,2,98.0971065215511
2017-05-03,48669.8922510926,-121.723870404327,36.6808489563347,2,98.0971065215511
2017-05-03,48712.6862168232,-121.723846783033,36.6793393763668,2,98.0971065215511
2017-05-03,48764.7920241664,-121.723818021816,36.6801160443213,2,98.0971065215511
2017-05-03,48839.3396963827,-121.7237768732,36.68085989532,2,98.0971065215511
2017-05-03,48863.2257029232,-121.723763688669,36.6793503153521,2,98.0971065215511
2017-05-03,48908.0605678598,-121.723738940846,36.6801160443213,2,98.0971065215511
2017-05-03,48915.2316051329,-121.723734982597,36.6808817732906,2,98.0971065215511
2017-05-03,48939.3522956591,-121.723721668526,36.6808708343053,2,98.0971065215511
2017-05-03,48946.2084252768,-121.723717884098,36.6793174983963,2,98.0971065215511
2017-05-03,49021.9468738383,-121.723676078202,36.6808380173495,2,98.0971065215511
2017-05-03,49048.368680111,-121.723661493967,36.6800722883802,2,98.0971065215511
2017-05-03,49074.8398148015,-121.723646882504,36.6801160443213,2,98.0971065215511
2017-05-03,49114.5900869279,-121.72362494126,36.6808817732906,2,98.0971065215511
2017-05-03,49136.8646800106,-121.723612646193,36.6793174983963,2,98.0971065215511
2017-05-03,49211.3128595944,-121.723571552495,36.6808708343053,2,98.0971065215511
2017-05-03,49212.3658645038,-121.72357097126,36.68085989532,3,90.5617404314815
2017-05-03,49238.4468836048,-121.723556575132,36.6793393763668,3,90.5617404314815
2017-05-03,49243.7839423972,-121.723553629198,36.6793503153521,3,90.5617404314815
2017-05-03,49243.9471600406,-121.723553539105,36.6808489563347,3,90.5617404314815
2017-05-03,49253.4298022198,-121.723548304903,36.6800722883802,3,90.5617404314815
2017-05-03,49325.023330806,-121.723508786907,36.6808817732906,3,90.5617404314815
2017-05-03,49352.0554526659,-121.723493865792,36.6800941663508,3,90.5617404314815
2017-05-03,49376.2934410915,-121.723480486975,36.6808708343053,3,90.5617404314815
2017-05-03,49394.3257197217,-121.723470533569,36.6800722883802,3,90.5617404314815
2017-05-03,49399.0404005527,-121.723467931172,36.6808489563347,3,90.5617404314815
2017-05-03,49411.6145561571,-121.723460990525,36.6793503153521,3,90.5617404314815
2017-05-03,49421.2211680767,-121.723455687895,36.6793174983963,3,90.5617404314815
2017-05-03,50516.0966263684,-121.724043612357,36.6793831323079,3,90.5617404314815
2017-05-03,50776.6653462429,-121.723899784365,36.6794050102785,3,90.5617404314815
2017-05-03,50810.4991349874,-121.723881108885,36.6801379222919,3,90.5617404314815
2017-05-03,50876.3240113137,-121.723844775054,36.6809145902464,3,90.5617404314815
2017-05-03,50935.3074315989,-121.72381221755,36.6794050102785,3,90.5617404314815
2017-05-03,50998.8273319554,-121.723777156014,36.6808927122758,3,90.5617404314815
2017-05-03,51003.3019641952,-121.723774686119,36.6809145902464,3,90.5617404314815
2017-05-03,51074.5771459317,-121.723735343843,36.6793831323079,3,90.5617404314815
2017-05-03,51083.7310023119,-121.723730291123,36.6801269833066,3,90.5617404314815
2017-05-03,51167.4510245301,-121.72368407958,36.6809364682169,3,90.5617404314815
2017-05-03,51177.9412702341,-121.723678289203,36.6809255292317,3,90.5617404314815
2017-05-03,51181.5898870542,-121.72367627525,36.6794050102785,3,90.5617404314815
2017-05-03,51193.9219347683,-121.723669468241,36.6793940712932,3,90.5617404314815
2017-05-03,51250.599116966,-121.723638183729,36.6809036512611,3,90.5617404314815
2017-05-03,51276.5843938568,-121.723623840448,36.6801488612772,3,90.5617404314815
2017-05-03,51279.8052799251,-121.723622062593,36.6801379222919,3,90.5617404314815
2017-05-03,51282.210067966,-121.723620735204,36.6801598002624,3,90.5617404314815
2017-05-03,51409.130238214,-121.723550678164,36.6808927122758,3,90.5617404314815
2017-05-03,51409.514515564,-121.723550466052,36.6801269833066,3,90.5617404314815
2017-05-03,51410.3894992622,-121.723549983081,36.6794050102785,3,90.5617404314815
2017-05-03,51463.0126657559,-121.723520936293,36.6809145902464,3,90.5617404314815
2017-05-03,51469.8303995657,-121.723517173059,36.6793721933226,3,90.5617404314815
2017-05-03,51489.7130358048,-121.723506198297,36.6793940712932,3,90.5617404314815
2017-05-03,51490.7888545069,-121.72350560447,36.6801379222919,3,90.5617404314815
2017-05-03,51494.846254581,-121.723503364877,36.6793612543374,3,90.5617404314815
2017-05-03,51497.4802369862,-121.723501910979,36.6801598002624,3,90.5617404314815
2017-05-03,51504.0756956262,-121.723498270436,36.6809036512611,3,90.5617404314815
2017-05-03,51507.5513735385,-121.723496351941,36.6801707392477,3,90.5617404314815
2017-05-03,51539.8775711595,-121.723478508617,36.6809255292317,3,90.5617404314815
2017-05-03,51546.8218275846,-121.723474675546,36.6809364682169,3,90.5617404314815
2017-05-03,54196.6085419239,-121.724032290247,36.680980224158,3,90.5617404314815
2017-05-03,54500.1520352967,-121.72386474116,36.6794159492637,3,90.5617404314815
2017-05-03,54577.9568154143,-121.723821794695,36.679426888249,3,90.5617404314815
2017-05-03,54610.6238137903,-121.723803763257,36.6809911631433,3,90.5617404314815
2017-05-03,54666.9461945682,-121.723772674587,36.6794378272343,3,90.5617404314815
2017-05-03,54675.5021987424,-121.723767951867,36.6801926172183,3,90.5617404314815
2017-05-03,54680.4816244912,-121.723765203338,36.6809474072022,3,90.5617404314815
2017-05-03,54713.6087129908,-121.72374691794,36.680980224158,3,90.5617404314815
2017-05-03,54750.0089846173,-121.72372682582,36.6794487662196,3,90.5617404314815
2017-05-03,54777.3961359055,-121.723711708737,36.6809583461875,3,90.5617404314815
2017-05-03,54834.6731211459,-121.723680093147,36.6802254341741,3,90.5617404314815
2017-05-03,54835.0794481507,-121.723679868864,36.6794378272343,3,90.5617404314815
2017-05-03,54846.9461449921,-121.723673318718,36.6802035562035,3,90.5617404314815
2017-05-03,54859.1665275916,-121.723666573345,36.6794159492637,3,90.5617404314815
2017-05-03,54876.4880243281,-121.723657012274,36.6801926172183,3,90.5617404314815
2017-05-03,54882.9448473888,-121.723653448255,36.6794597052048,3,90.5617404314815
2017-05-03,54953.0986735653,-121.723614724942,36.6809911631433,3,90.5617404314815
2017-05-03,54962.2988112478,-121.723609646676,36.6802254341741,3,90.5617404314815
2017-05-03,54977.3959077655,-121.723601313423,36.6809692851728,3,90.5617404314815
2017-05-03,54999.2832668098,-121.7235892321,36.679426888249,3,90.5617404314815
2017-05-03,55047.1746211273,-121.723562797164,36.6794378272343,3,90.5617404314815
2017-05-03,55072.9035952127,-121.723548595357,36.6809583461875,3,90.5617404314815
2017-05-03,55075.6896571244,-121.723547057514,36.680980224158,3,90.5617404314815
2017-05-03,55096.3000614793,-121.723535681041,36.6794159492637,3,90.5617404314815
2017-05-03,55127.2248477926,-121.723518611264,36.6809474072022,3,90.5617404314815
2017-05-03,55136.1398836078,-121.723513690368,36.6802144951888,3,90.5617404314815
2017-05-03,55166.2594174857,-121.723497065072,36.6794487662196,3,90.5617404314815
2017-05-03,55243.2649807573,-121.723454559757,36.6794597052048,3,90.5617404314815
2017-05-03,56334.9225665893,-121.724044260411,36.6810130411139,3,90.5617404314815
2017-05-03,56496.9796168607,-121.723954808614,36.6794815831754,3,90.5617404314815
2017-05-03,56512.90705013,-121.723946017034,36.6810458580697,3,90.5617404314815
2017-05-03,56536.2446774153,-121.723933135196,36.6810130411139,3,90.5617404314815
2017-05-03,56627.5852157496,-121.723882717302,36.6802473121446,3,90.5617404314815
2017-05-03,56639.0791587835,-121.723876372907,36.6810239800991,3,90.5617404314815
2017-05-03,56870.0438238411,-121.723748885678,36.6810021021286,3,90.5617404314815
2017-05-03,56876.7498586434,-121.7237451841,36.6802801291005,3,90.5617404314815
2017-05-03,56889.5786987147,-121.723738102872,36.6810458580697,3,90.5617404314815
2017-05-03,56896.8178324089,-121.723734107036,36.6794815831754,3,90.5617404314815
2017-05-03,56902.4970831864,-121.723730972219,36.6802582511299,3,90.5617404314815
2017-05-03,56904.3587906303,-121.723729944599,36.6810130411139,3,90.5617404314815
2017-05-03,56935.6896571333,-121.723712650675,36.6802473121446,3,90.5617404314815
2017-05-03,56963.3174316307,-121.723697400773,36.6794706441901,3,90.5617404314815
2017-05-03,56974.6612238988,-121.723691139258,36.6795144001312,3,90.5617404314815
2017-05-03,57035.9438973346,-121.72365731262,36.6810239800991,3,90.5617404314815
2017-05-03,57071.6433609627,-121.72363760733,36.6810349190844,3,90.5617404314815
2017-05-03,57074.133078599,-121.723636233062,36.6802363731594,3,90.5617404314815
2017-05-03,57075.2496403533,-121.723635616746,36.6802801291005,3,90.5617404314815
2017-05-03,57103.49416703,-121.723620026411,36.6794815831754,3,90.5617404314815
2017-05-03,57138.0614783833,-121.723600946043,36.6795034611459,3,90.5617404314815
2017-05-03,57148.9551769138,-121.72359493297,36.6794925221607,3,90.5617404314815
2017-05-03,57152.1959941472,-121.723593144113,36.6802473121446,3,90.5617404314815
2017-05-03,57203.7282710247,-121.723564699471,36.6802582511299,3,90.5617404314815
2017-05-03,57212.990009091,-121.723559587203,36.6795144001312,3,90.5617404314815
2017-05-03,57258.8922224262,-121.723534250227,36.6802801291005,3,90.5617404314815
2017-05-03,57284.1630318392,-121.723520301317,36.6794706441901,3,90.5617404314815
2017-05-03,57316.0284976717,-121.723502712306,36.6810349190844,3,90.5617404314815
2017-05-03,57318.2557480143,-121.723501482915,36.6810130411139,3,90.5617404314815
2017-05-03,57339.5272457702,-121.723489741533,36.6802691901152,3,90.5617404314815
2017-05-03,57346.4474088465,-121.723485921761,36.6802363731594,3,90.5617404314815
2017-05-03,57374.0402688096,-121.723470691131,36.6810458580697,3,90.5617404314815
2017-05-03,57403.7419616128,-121.723454296474,36.6802801291005,3,90.5617404314815
2017-05-03,59160.5594448686,-121.724008030351,36.681056797055,3,90.5617404314815
2017-05-03,59360.381361976,-121.723897733209,36.6810677360402,3,90.5617404314815
2017-05-03,59387.4038393355,-121.723882817417,36.6803348240268,3,90.5617404314815
2017-05-03,59440.3300035251,-121.723853603381,36.6810896140108,3,90.5617404314815
2017-05-03,59454.5476976534,-121.723845755538,36.681056797055,3,90.5617404314815
2017-05-03,59529.0940204218,-121.723804607668,36.680302007071,4,72.9818412014247
2017-05-03,59535.7277186356,-121.723800946018,36.6810786750255,4,72.9818412014247
2017-05-03,59633.6201237276,-121.723746911642,36.6810896140108,4,72.9818412014247
2017-05-03,59644.1106333832,-121.72374112112,36.6795690950576,4,72.9818412014247
2017-05-03,59648.8667617989,-121.723738495845,36.6795253391165,4,72.9818412014247
2017-05-03,59700.391832956,-121.723710055181,36.679547217087,4,72.9818412014247
2017-05-03,59712.7756162322,-121.723703219615,36.680302007071,4,72.9818412014247
2017-05-03,59724.1320720269,-121.72369695111,36.681056797055,4,72.9818412014247
2017-05-03,59729.7550494484,-121.723693847355,36.6803238850416,4,72.9818412014247
2017-05-03,59755.5873925656,-121.72367958849,36.6811005529961,4,72.9818412014247
2017-05-03,59767.1583915473,-121.723673201563,36.6802910680857,4,72.9818412014247
2017-05-03,59780.7950082003,-121.723665674461,36.6810677360402,4,72.9818412014247
2017-05-03,59783.9048706323,-121.723663957888,36.6810896140108,4,72.9818412014247
2017-05-03,59787.4370511527,-121.723662008205,36.6795253391165,4,72.9818412014247
2017-05-03,59810.9848892564,-121.723649010335,36.6803348240268,4,72.9818412014247
2017-05-03,59862.1887493517,-121.723620746972,36.680302007071,4,72.9818412014247
2017-05-03,59880.818816925,-121.723610463599,36.679547217087,4,72.9818412014247
2017-05-03,59885.1195240081,-121.723608089707,36.6811005529961,4,72.9818412014247
2017-05-03,59889.9687202929,-121.723605413061,36.6810786750255,4,72.9818412014247
2017-05-03,60044.5687297891,-121.723520077381,36.6810677360402,4,72.9818412014247
2017-05-03,60052.9930090773,-121.723515427371,36.6810896140108,4,72.9818412014247
2017-05-03,60090.4958886324,-121.723494726636,36.6810786750255,4,72.9818412014247
2017-05-03,60091.389883165,-121.723494233172,36.680302007071,4,72.9818412014247
2017-05-03,60123.6631990031,-121.723476419037,36.6795581560723,4,72.9818412014247
2017-05-03,61137.1490217234,-121.724109268723,36.6803567019974,4,72.9818412014247
2017-05-03,61314.0927429039,-121.724011599823,36.6803457630121,4,72.9818412014247
2017-05-03,61350.1475425858,-121.723991698396,36.6803895189532,4,72.9818412014247
2017-05-03,61447.026404964,-121.723938223472,36.6803457630121,4,72.9818412014247
2017-05-03,61455.0221623245,-121.723933809997,36.6803567019974,4,72.9818412014247
2017-05-03,61479.2640450809,-121.72392042903,36.6811114919813,4,72.9818412014247
2017-05-03,61517.8405792058,-121.723899135663,36.6803895189532,4,72.9818412014247
2017-05-03,61518.0798073417,-121.723899003614,36.6811552479224,4,72.9818412014247
2017-05-03,61565.1947809463,-121.723872997223,36.6811224309666,4,72.9818412014247
2017-05-03,61605.5806923501,-121.723850705121,36.6795800340429,4,72.9818412014247
2017-05-03,61624.7953044065,-121.723840099093,36.6811114919813,4,72.9818412014247
2017-05-03,61670.562490548,-121.72381483665,36.6811552479224,4,72.9818412014247
2017-05-03,61674.8618731296,-121.723812463489,36.6796019120134,4,72.9818412014247
2017-05-03,61733.4228935523,-121.72378013914,36.6811333699519,4,72.9818412014247
2017-05-03,61834.4067352957,-121.723724398362,36.6803567019974,4,72.9818412014247
2017-05-03,61862.5204955545,-121.723708880208,36.6803785799679,4,72.9818412014247
2017-05-03,61885.8326996476,-121.723696012402,36.6811552479224,4,72.9818412014247
2017-05-03,61933.6124309669,-121.72366963908,36.6803676409827,4,72.9818412014247
2017-05-03,61935.7596221185,-121.723668453879,36.6796019120134,4,72.9818412014247
2017-05-03,61953.8239260601,-121.723658482796,36.6811224309666,4,72.9818412014247
2017-05-03,61954.2235266675,-121.723658262225,36.6811333699519,4,72.9818412014247
2017-05-03,61966.6881103771,-121.723651382059,36.6811114919813,4,72.9818412014247
2017-05-03,61980.1070740312,-121.723643975097,36.6803895189532,4,72.9818412014247
2017-05-03,62004.8911252988,-121.723630294866,36.6803567019974,4,72.9818412014247
2017-05-03,62024.1190404794,-121.723619681495,36.6803457630121,4,72.9818412014247
2017-05-03,62086.3154742933,-121.723585350482,36.679623789984,4,72.9818412014247
2017-05-03,62114.555012379,-121.723569762901,36.6795800340429,4,72.9818412014247
2017-05-03,62119.149695896,-121.72356722674,36.6811224309666,4,72.9818412014247
2017-05-03,62151.6007731644,-121.723549314485,36.6811443089372,4,72.9818412014247
2017-05-03,62217.6478614047,-121.723512857998,36.6803676409827,4,72.9818412014247
2017-05-03,62226.6750496023,-121.723507875196,36.6795909730281,4,72.9818412014247
2017-05-03,62235.5127561937,-121.723502996984,36.6803457630121,4,72.9818412014247
2017-05-03,62248.4442569056,-121.72349585909,36.6803895189532,4,72.9818412014247
2017-05-03,62316.6174269636,-121.723458229055,36.6811333699519,4,72.9818412014247
